序号,笔画,汉字,拼音,部件
3500,二十四画,矗,chù,直，直，直
3499,二十二画,瓤,ráng,襄，瓜
3498,二十二画,镶,xiāng,钅，襄
3497,二十二画,蘸,zhàn,艹，酉，焦
3496,二十一画,髓,suǐ,骨，辶，左，月
3495,二十一画,躏,lìn,足，艹，门，隹
3494,二十一画,霹,pī,雨，辟
3493,二十画,譬,pì,辟，言
3492,二十画,糯,nuò,米，需
3491,二十画,鳞,lín,鱼，粦
3490,二十画,巍,wēi,山，委，鬼
3489,二十画,蠕,rú,虫，需
3488,二十画,攘,rǎng,扌，襄
3487,二十画,鬓,bìn,髟，宾
3486,十九画,羹,gēng,羔，美
3485,十九画,癣,xuǎn,疒，鱼，羊
3484,十九画,靡,mí,麻，非
3483,十九画,蟹,xiè,角，刀，牛，虫
3482,十九画,簿,"bù,bó",⺮，氵，甫，寸
3481,十九画,簸,"bò,bǒ",⺮，其，皮
3480,十九画,蹬,dēng,足，登
3479,十九画,蹭,cèng,足，曾
3478,十九画,鳖,biē,敝，鱼
3477,十九画,藻,zǎo,艹，氵，喿
3476,十九画,蘑,mó,艹，麻，石
3475,十九画,孽,niè,艹，𠂤，辛，子
3474,十九画,攒,"zǎn,cuán",扌，赞
3473,十八画,戳,chuō,翟，戈
3472,十八画,璧,bì,辟，玉
3471,十八画,襟,jīn,衤，禁
3470,十八画,瀑,"pù,bào",氵，暴
3469,十八画,癞,lài,疒，赖
3468,十八画,鳍,qí,鱼，耆
3467,十八画,嚣,xiāo,口，口，页，口，口
3466,十八画,瞻,zhān,目，詹
3465,十八画,藤,téng,艹，月，龹，氺
3464,十八画,藕,ǒu,艹，耒，禺
3463,十七画,臀,tún,尸，共，殳，月
3462,十七画,豁,"huō,huò,huá",害，谷
3461,十七画,懦,nuò,忄，需
3460,十七画,癌,ái,疒，品，山
3459,十七画,糜,"mí,méi",麻，米
3458,十七画,鳄,è,鱼，口，口，亏
3457,十七画,臊,"sāo,sào",月，喿
3456,十七画,朦,méng,月，蒙
3455,十七画,爵,jué,爫，罒，皀，寸
3454,十七画,徽,huī,彳，山，一，糸，攵
3453,十七画,儡,lěi,亻，田，田，田
3452,十七画,簇,cù,⺮，㫃，矢
3451,十七画,魏,wèi,委，鬼
3450,十七画,镣,liào,钅，尞
3449,十七画,赡,shàn,贝，詹
3448,十七画,嚎,háo,口，高，豕
3447,十七画,蟀,shuài,虫，率
3446,十七画,蟋,xī,虫，悉
3445,十七画,蹋,tà,足，日，羽
3444,十七画,曙,shǔ,日，罒，者
3443,十七画,瞪,dèng,目，登
3442,十七画,瞳,tóng,目，童
3441,十七画,瞬,shùn,目，爫，冖，舛
3440,十七画,瞭,"liǎo,liào",目，尞
3439,十七画,磷,lín,石，粦
3438,十七画,礁,jiāo,石，焦
3437,十七画,檀,tán,木，亶
3436,十七画,檩,lǐn,木，禀
3435,十七画,檐,yán,木，詹
3434,十七画,檬,méng,木，蒙
3433,十七画,藐,miǎo,艹，豸，白，儿
3432,十七画,壕,háo,土，豪
3431,十六画,缰,jiāng, 纟，畺
3430,十六画,窿,lóng,穴，阝，夂，一，生
3429,十六画,懈,xiè,忄，解
3428,十六画,憾,hàn,忄，感
3427,十六画,濒,bīn,氵，步，页
3426,十六画,燎,"liáo,liǎo",火，尞
3425,十六画,糙,cāo,米，辶，告
3424,十六画,瘸,qué,疒，加，肉
3423,十六画,瘾,yǐn,疒，阝，刍，心
3422,十六画,鲸,jīng,鱼，京
3421,十六画,膳,shàn,月，善
3420,十六画,儒,rú,亻，需
3419,十六画,篱,lí,⺮，离
3418,十六画,篙,gāo,⺮，高
3417,十六画,篷,péng,⺮，辶，夆
3416,十六画,篡,cuàn,⺮，目，大，厶
3415,十六画,穆,mù,禾，白，小，彡
3414,十六画,黔,qián,黑，今
3413,十六画,鹦,yīng,婴，鸟
3412,十六画,噪,zào,口，喿
3411,十六画,螟,míng,虫，冥
3410,十六画,螃,páng,虫，旁
3409,十六画,蟆,"má,mò",虫，莫
3408,十六画,蹂,róu,足，柔
3407,十六画,踱,duó,足，度
3406,十六画,冀,jì,北，田，共
3405,十六画,辙,zhé,车，育，攵
3404,十六画,霎,shà,雨，妾
3403,十六画,霍,huò,雨，隹
3402,十六画,蟥,huáng,虫，黄
3401,十六画,瓢,piáo,票，瓜
3400,十六画,橙,chéng,木，登
3399,十六画,橱,chú,木，厨
3398,十六画,噩,è,王，口，口，口，口
3397,十六画,翰,hàn,𠦝，人，羽
3396,十六画,擎,qíng,敬，手
3395,十六画,薇,wēi,艹，彳，山，一，几，攵
3394,十六画,薛,xuē,艹，𠂤，辛
3393,十六画,蕾,lěi,艹，雷
3392,十六画,擅,shàn,扌，亶
3391,十六画,擂,"léi,lèi",扌，雷
3390,十六画,撼,hàn,扌，感
3389,十五画,缭,liáo, 纟，尞
3388,十五画,豫,yù,予，象
3387,十五画,嬉,xī,女，喜
3386,十五画,履,lǚ,尸，彳，复
3385,十五画,憨,hān,敢，心
3384,十五画,鹤,hè,隺，鸟
3383,十五画,谴,qiǎn,讠，遣
3382,十五画,褥,rù,衤，辱
3381,十五画,翩,piān,扁，羽
3380,十五画,憎,zēng,忄，曾
3379,十五画,懊,ào,忄，奥
3378,十五画,憔,qiáo,忄，焦
3377,十五画,澄,"chéng,dèng",氵，登
3376,十五画,澜,lán,氵，阑
3375,十五画,澈,chè,氵，育，攵
3374,十五画,潘,pān,氵，番
3373,十五画,澳,ào,氵，奥
3372,十五画,潦,"lǎo,lào,liáo",氵，尞
3371,十五画,潭,tán,氵，覃
3370,十五画,澎,péng,氵，彭
3369,十五画,凛,lǐn,冫，禀
3368,十五画,瘫,tān,疒，难
3367,十五画,瘤,liú,疒，留
3366,十五画,瘪,"biē,biě",疒，自，仑
3365,十五画,褒,bāo,衣，保
3364,十五画,鲫,jì,鱼，即
3363,十五画,鲤,lǐ,鱼，里
3362,十五画,膘,biāo,月，票
3361,十五画,篓,lǒu,⺮，娄
3360,十五画,稽,"jī,qǐ",禾，尤，旨
3359,十五画,镐,gǎo,钅，尞
3358,十五画,镊,niè,钅，聂
3357,十五画,幢,"chuáng,zhuàng",巾，童
3356,十五画,嘿,"hēi,mò",口，黑
3355,十五画,蝙,biān,虫，扁
3354,十五画,蝗,huáng,虫，皇
3353,十五画,蝌,kē,虫，禾，斗
3352,十五画,蝎,xiē,虫，曷
3351,十五画,蝠,fú,虫，畐
3350,十五画,嘹,liáo,口，尞
3349,十五画,嘲,"cháo,zhāo",口，，月
3348,十五画,嘶,sī,口，斯
3347,十五画,憋,biē,敝，心
3346,十五画,碾,niǎn,石，展
3345,十五画,磅,"bàng,páng",石，旁
3344,十五画,磕,kē,石，盍
3343,十五画,醇,chún,酉，享
3342,十五画,豌,wān,豆，宛
3341,十五画,敷,fū,甫，方，攵
3340,十五画,橄,gǎn,木，敢
3339,十五画,樟,zhāng,木，章
3338,十五画,樊,fán,木，爻，木，大
3337,十五画,蕴,yùn,艹，纟，昷
3336,十五画,蕊,ruǐ,艹，心，心，心
3335,十五画,鞍,ān,革，安
3334,十五画,撰,zhuàn,扌，巽
3333,十五画,墩,dūn,土，敦
3332,十五画,擒,qín,扌，禽
3331,十五画,撬,qiào,扌，毛，毛，毛
3330,十五画,撮,"cuō,zuǒ",扌，最
3329,十五画,撩,"liāo,liáo",扌，尞
3328,十五画,撵,niǎn,扌，辇
3327,十四画,缨,yīng, 纟，婴
3326,十四画,嫡,dí,女，啇
3325,十四画,隧,suì,阝，遂
3324,十四画,褪,"tuì,tùn",衤，辶，艮
3323,十四画,褐,hè,衤，曷
3322,十四画,谭,tán,讠，覃
3321,十四画,寥,liáo,宀，翏
3320,十四画,寡,guǎ,宀，頁，刀
3319,十四画,慷,kāng,忄，康
3318,十四画,漾,yàng,氵，羊，永
3317,十四画,漩,xuán,氵，㫃，疋
3316,十四画,漱,shù,氵，束，欠
3315,十四画,粹,cuì,米，卒
3314,十四画,彰,zhāng,章，彡
3313,十四画,瘟,wēn,疒，昷
3312,十四画,瘩,"dá,da",疒，荅
3311,十四画,孵,fū,卵，孚
3310,十四画,僧,sēng,亻，曾
3309,十四画,舆,yú,车，舁
3308,十四画,箫,xiāo,⺮，肃
3307,十四画,箕,jī,⺮，其
3306,十四画,箍,gū,⺮，扌，匝
3305,十四画,熏,"xūn,xùn",熏
3304,十四画,舔,tiǎn,舌，忝
3303,十四画,镀,dù,钅，度
3302,十四画,幔,màn,巾，曼
3301,十四画,嘀,dí,口，啇
3300,十四画,蝉,chán,虫，单
3299,十四画,踊,yǒng,足，甬
3298,十四画,嘁,qī,口，戚
3297,十四画,墅,shù,里，予，土
3296,十四画,雌,cí,此，隹
3295,十四画,辖,xiá,车，害
3294,十四画,辕,yuán,车，袁
3293,十四画,碳,tàn,石，山，灰
3292,十四画,碱,jiǎn,石，咸
3291,十四画,碴,"chá,chā",石，查
3290,十四画,碟,dié,石，枼
3289,十四画,酵,jiào,酉，孝
3288,十四画,榕,róng,木，容
3287,十四画,榛,zhēn,木，秦
3286,十四画,兢,jīng,克，克
3285,十四画,蔚,wèi,艹，尉
3284,十四画,熙,xī,巸，灬
3283,十四画,蔼,ǎi,艹，讠，曷
3282,十四画,蔗,zhè,艹，庶
3281,十四画,蔓,"màn,wàn",艹，曼
3280,十四画,摹,mó,莫，手
3279,十四画,蔫,niān,艹，焉
3278,十四画,赫,hè,赤，赤
3277,十四画,熬,"āo,áo",敖，灬
3276,十四画,赘,zhuì,敖，贝
3275,十三画,剿,"jiǎo,chāo",巢，刂
3274,十三画,缤,bīn,纟，宾
3273,十三画,缚,fù,纟，甫，寸
3272,十三画,嫉,jí,女，疾
3271,十三画,媳,xí,女，息
3270,十三画,谬,miù,讠，翏
3269,十三画,裸,luǒ,衤，果
3268,十三画,褂,guà,衤，圭，卜
3267,十三画,寝,qǐn,宀，丬，彐，冖，又
3266,十三画,窟,kū,穴，屈
3265,十三画,窥,kuī,穴，夫，见
3264,十三画,寞,mò,宀，莫
3263,十三画,溺,"nì,niào",氵，弱
3262,十三画,滓,zǐ,氵，宀，辛
3261,十三画,溶,róng,氵，容
3260,十三画,溯,sù,氵，朔
3259,十三画,溢,yì,氵，益
3258,十三画,漓,lí,氵，离
3257,十三画,誊,téng,龹，言
3256,十三画,靖,jìng,立，青
3255,十三画,痴,chī,疒，知
3254,十三画,廓,kuò,广，郭
3253,十三画,痹,bì,疒，畀
3252,十三画,禀,bǐng,㐭，示
3251,十三画,馏,"liù,liú",饣，留
3250,十三画,馍,mó,饣，莫
3249,十三画,雏,chú,刍，隹
3248,十三画,煞,"shā,shà",刍，攵，灬
3247,十三画,颖,yǐng,匕，禾，页
3246,十三画,猿,yuán,犭，袁
3245,十三画,肄,yì,匕，矢，聿
3244,十三画,鹏,péng,朋，鸟
3243,十三画,腺,xiàn,月，泉
3242,十三画,腮,sāi,月，思
3241,十三画,腻,nì,月，贰
3240,十三画,衙,yá,行，吾
3239,十三画,魁,kuí,鬼，斗
3238,十三画,筷,kuài,⺮，快
3237,十三画,颓,tuí,秃，页
3236,十三画,稚,zhì,禾，隹
3235,十三画,锰,měng,钅，孟
3234,十三画,锭,dìng,钅，定
3233,十三画,锨,xiān,钅，欣
3232,十三画,锥,zhuī,钅，隹
3231,十三画,锚,máo,钅，苗
3230,十三画,幌,huǎng,巾，日，光
3229,十三画,蜀,shǔ,罒，勹，虫
3228,十三画,署,shǔ,罒，者
3227,十三画,嗤,chī,口，蚩
3226,十三画,嗡,wēng,口，翁
3225,十三画,嗅,xiù,口，臭
3224,十三画,蛹,yǒng,虫，甬
3223,十三画,蜕,tuì,虫，兑
3222,十三画,蜗,wō,虫，咼
3221,十三画,蜈,wú,虫，吴
3220,十三画,跺,duò,足，朵
3219,十三画,跷,qiāo,足，尧
3218,十三画,畸,jī,田，奇
3217,十三画,暇,xiá,日，叚
3216,十三画,嗦,suō,口，索
3215,十三画,嗜,shì,口，老，日
3214,十三画,瞄,miáo,目，苗
3213,十三画,睦,mù,目，坴
3212,十三画,睹,dǔ,目，者
3211,十三画,频,"pín,bīn",步，页
3210,十三画,辑,jí,车，咠
3209,十三画,辐,fú,车，畐
3208,十三画,碉,diāo,石，周
3207,十三画,硼,péng,石，朋
3206,十三画,碘,diǎn,石，典
3205,十三画,酪,lào,酉，各
3204,十三画,楣,méi,木，眉
3203,十三画,楞,léng,木，罒，方
3202,十三画,榄,lǎn,木，览
3201,十三画,楷,"kǎi,jiē",木，皆
3200,十三画,椿,chūn,木，春
3199,十三画,楔,xiē,木，契
3198,十三画,蓉,róng,艹，容
3197,十三画,蒲,pú,艹，氵，甫
3196,十三画,蒿,hāo,艹，高
3195,十三画,蓖,bì,艹，囟，比
3194,十三画,靶,bǎ,革，巴
3193,十三画,靴,xuē,革，化
3192,十三画,斟,zhēn,甚，斗
3191,十三画,聘,pìn,耳，甹
3190,十三画,搪,táng,扌，唐
3189,十三画,瑰,guī,王，鬼
3188,十三画,鹉,wǔ,武，鸟
3187,十三画,瑟,sè,王，王，必
3186,十二画,骚,"sāo,sǎo",马，蚤
3185,十二画,缕,lǚ,纟，娄
3184,十二画,缔,dì,纟，帝
3183,十二画,缆,lǎn,纟，览
3182,十二画,缅,miǎn,纟，面
3181,十二画,婿,xù,女，胥
3180,十二画,媚,mèi,女，眉
3179,十二画,媒,méi,女，某
3178,十二画,隘,ài,阝，益
3177,十二画,犀,xī,尸，氺，牛
3176,十二画,谤,bàng,讠，旁
3175,十二画,雇,gù,户，隹
3174,十二画,窘,jiǒng,穴，君
3173,十二画,窖,jiào,穴，告
3172,十二画,寓,yù,宀，禺
3171,十二画,惶,huáng,忄，皇
3170,十二画,愕,è,忄，口，口，亏
3169,十二画,湃,pài,氵，拜
3168,十二画,溅,"jiàn,jiān",氵，贝，戋
3167,十二画,溃,"kuì,huì",氵，贵
3166,十二画,渺,miǎo,氵，目，少
3165,十二画,渤,bó,氵，孛，力
3164,十二画,湘,xiāng,氵，相
3163,十二画,滞,zhì,氵，带
3162,十二画,焙,bèi,火，咅
3161,十二画,遂,suì,㒸，辶
3160,十二画,奠,diàn,酋，大
3159,十二画,翔,xiáng,羊，羽
3158,十二画,竣,jùn,立，夋
3157,十二画,痪,huàn,疒，奂
3156,十二画,痢,lì,疒，利
3155,十二画,痘,dòu,疒，豆
3154,十二画,敦,"dūn,duì",享，攵
3153,十二画,惫,bèi,备，心
3152,十二画,猬,wèi,犭，胃
3151,十二画,猩,xīng,犭，星
3150,十二画,腕,wàn,月，宛
3149,十二画,腋,yè,月，夜
3148,十二画,腌,yān,月，奄
3147,十二画,逾,yú,俞，辶
3146,十二画,粤,yuè,粤
3145,十二画,牍,dú,片，卖
3144,十二画,筏,fá,⺮，伐
3143,十二画,黍,shǔ,禾，大，氺
3142,十二画,氯,lǜ,气，录
3141,十二画,氮,dàn,气，炎
3140,十二画,掰,bāi,龵，分，手
3139,十二画,甥,shēng,生，男
3138,十二画,锌,xīn,钅，辛
3137,十二画,锉,cuò,钅，坐
3136,十二画,赐,cì,贝，易
3135,十二画,赎,shú,贝，卖
3134,十二画,赋,fù,贝，武
3133,十二画,嵌,"qiàn,kàn",山，甘，欠
3132,十二画,喧,xuān,口，宣
3131,十二画,啼,tí,口，帝
3130,十二画,喻,yù,口，俞
3129,十二画,鹃,juān,肙，鸟
3128,十二画,蛤,"gé,há",虫，合
3127,十二画,蜒,yán,虫，延
3126,十二画,蛔,huí,虫，回
3125,十二画,跛,bǒ,足，皮
3124,十二画,跋,bá,足，犮
3123,十二画,畴,chóu,田，寿
3122,十二画,晾,liàng,日，京
3121,十二画,遏,è,曷，辶
3120,十二画,喳,"zhā,chā",口，查
3119,十二画,鼎,dǐng,鼎
3118,十二画,晰,xī,日，析
3117,十二画,棠,táng,尚，木
3116,十二画,凿,záo,凿
3115,十二画,翘,"qiáo,qiào",尧，羽
3114,十二画,雳,lì,雨，历
3113,十二画,颊,jiá,夹，页
3112,十二画,硫,liú,石，㐬
3111,十二画,硝,xiāo,石，肖
3110,十二画,酥,sū,酉，禾
3109,十二画,酣,hān,酉，甘
3108,十二画,棘,jí,朿，朿
3107,十二画,粟,sù,覀，米
3106,十二画,椭,tuǒ,木，阝，有
3105,十二画,榔,láng,木，朗
3104,十二画,棺,guān,木，官
3103,十二画,椎,"zhuī,chuí",木，隹
3102,十二画,焚,fén,林，火
3101,十二画,椰,yē,木，耳，阝
3100,十二画,棱,"léng,lēng,líng",木，夌
3099,十二画,韩,hán,𠦝，韦
3098,十二画,蒂,dì,艹，帝
3097,十二画,蒋,jiǎng,艹，将
3096,十二画,募,mù,莫，力
3095,十二画,葫,hú,艹，胡
3094,十二画,搔,sāo,扌，蚤
3093,十二画,壹,yī,壹
3092,十二画,搓,cuō,扌，差
3091,十二画,搀,chān,扌，免，仌
3090,十二画,揣,"chuǎi,chuài,chuāi,tuán,zhuī",扌，耑
3089,十二画,彭,"péng,bāng",彭
3088,十二画,揖,yī,扌，咠
3087,十二画,揽,lǎn,扌，览
3086,十二画,揩,kāi,扌，皆
3085,十二画,堰,yàn,土，匽
3084,十二画,揍,zòu,扌，奏
3083,十二画,琼,qióng,王，京
3082,十二画,琢,"zhuó,zuó",王，豖
3081,十二画,琳,lín,王，林
3080,十一画,巢,cháo,巛，果
3079,十一画,缀,zhuì,纟，叕
3078,十一画,绽,zhàn,纟，定
3077,十一画,综,"zōng,zèng",纟，宗
3076,十一画,绷,"bēng,běng,bèng",纟，朋
3075,十一画,绰,"chuò,chāo",纟，卓
3074,十一画,颇,pō,皮，页
3073,十一画,婉,wǎn,女，宛
3072,十一画,隅,yú,阝，禺
3071,十一画,堕,"duò,huī",阝，有，土
3070,十一画,尉,"wèi,yù",尸，示，寸
3069,十一画,谚,yàn,讠，彦
3068,十一画,谓,wèi,讠，胃
3067,十一画,谒,yè,讠，曷
3066,十一画,祷,dǎo,礻，寿
3065,十一画,袱,fú,衤，伏
3064,十一画,裆,dāng,衤，当
3063,十一画,谐,xié,讠，皆
3062,十一画,谍,dié,讠，枼
3061,十一画,窒,zhì,穴，至
3060,十一画,寂,jì,宀，叔
3059,十一画,惋,wǎn,忄，宛
3058,十一画,悴,cuì,忄，卒
3057,十一画,惦,diàn,忄，店
3056,十一画,涵,hán,氵，函
3055,十一画,涮,shuàn,氵，刷
3054,十一画,淀,diàn,氵，定
3053,十一画,淤,yū,氵，於
3052,十一画,淳,"chún,zhūn",氵，享
3051,十一画,淫,yín,氵，㸒
3050,十一画,渊,yuān,氵，丿，米，丨
3049,十一画,淆,xiáo,氵，肴
3048,十一画,淮,huái,氵，隹
3047,十一画,淌,"tǎng,chǎng",氵，尚
3046,十一画,淑,shū,氵，叔
3045,十一画,涯,yá,氵，厓
3044,十一画,鸿,hóng,氵，工，鸟
3043,十一画,焕,huàn,火，奂
3042,十一画,焊,hàn,火，旱
3041,十一画,眷,juàn,龹，目
3040,十一画,阐,chǎn,门，单
3039,十一画,阎,yán,门，臽
3038,十一画,痊,quán,疒，全
3037,十一画,庵,ān,广，奄
3036,十一画,庶,shù,庶
3035,十一画,烹,pēng,亨，灬
3034,十一画,祭,"jì,zhài",月，又，示
3033,十一画,猖,chāng,犭，昌
3032,十一画,凰,huáng,几，皇
3031,十一画,逸,yì,兔，辶
3030,十一画,脯,fǔ,月，甫
3029,十一画,翎,líng,令，羽
3028,十一画,敛,liǎn,佥，攵
3027,十一画,舵,duò,舟，它
3026,十一画,舷,xián,舟，玄
3025,十一画,舶,bó,舟，白
3024,十一画,徙,xǐ,彳，止，止
3023,十一画,徘,pái,彳，非
3022,十一画,衅,xìn,血，半
3021,十一画,兜,dōu,兜
3020,十一画,躯,qū,身，区
3019,十一画,傀,"kuǐ,guī",亻，鬼
3018,十一画,偎,wēi,亻，畏
3017,十一画,笤,tiáo,⺮，召
3016,十一画,笙,shēng,⺮，生
3015,十一画,秽,huì,禾，岁
3014,十一画,秸,jiē,禾，吉
3013,十一画,矫,"jiǎo,jiáo",矢，乔
3012,十一画,铭,míng,钅，名
3011,十一画,铣,"xiǎn,xǐ",钅，先
3010,十一画,铡,zhá,钅，则
3009,十一画,铝,lǚ,钅，吕
3008,十一画,铛,"dāng,chēng",钅，当
3007,十一画,铐,kào,钅，考
3006,十一画,赊,shē,贝，佘
3005,十一画,婴,yīng,贝，贝，女
3004,十一画,崩,bēng,山，朋
3003,十一画,崔,cuī,山，隹
3002,十一画,逻,luó,罗，辶
3001,十一画,崎,qí,山，奇
3000,十一画,啸,xiào,口，肃
2999,十一画,啥,shá,口，舍
2998,十一画,啤,pí,口，卑
2997,十一画,唾,tuò,口，垂
2996,十一画,啰,"luō,luó,luo",口，罗
2995,十一画,唬,"hǔ,xià",口，虎
2994,十一画,蛀,zhù,虫，主
2993,十一画,蛉,líng,虫，令
2992,十一画,蚯,qiū,虫，丘
2991,十一画,蛆,qū,虫，且
2990,十一画,啃,kěn,口，肯
2989,十一画,趾,zhǐ,足，止
2988,十一画,畦,qí,田，圭
2987,十一画,啡,fēi,口，非
2986,十一画,冕,miǎn,⺜，免
2985,十一画,晦,huì,日，每
2984,十一画,曼,màn,日，罒，又
2983,十一画,晤,wù,日，吾
2982,十一画,眶,kuàng,目，匡
2981,十一画,彪,biāo,虎，彡
2980,十一画,颅,lú,卢，页
2979,十一画,匾,biǎn,匚，扁
2978,十一画,盔,kuī,灰，皿
2977,十一画,奢,shē,大，者
2976,十一画,硕,"shuò,shí",石，页
2975,十一画,硅,guī,石，圭
2974,十一画,厢,xiāng,厂，相
2973,十一画,酗,xù,酉，凶
2972,十一画,酝,yùn,酉，云
2971,十一画,曹,cáo,曹
2970,十一画,梭,suō,木，夋
2969,十一画,梧,wú,木，吾
2968,十一画,梗,gěng,木，更
2967,十一画,彬,bīn,林，彡
2966,十一画,菇,gū,艹，女，古
2965,十一画,萨,sà,艹，阝，产
2964,十一画,萧,xiāo,艹，肃
2963,十一画,乾,"qián,gān",𠦝，乞
2962,十一画,萤,yíng,艹，冖，虫
2961,十一画,菩,pú,艹，咅
2960,十一画,萎,wěi,艹，委
2959,十一画,菲,"fēi,fěi",艹，非
2958,十一画,菱,líng,艹，夌
2957,十一画,娶,qǔ,取，女
2956,十一画,聊,liáo,耳，卯
2955,十一画,勘,kān,甚，力
2954,十一画,掺,"chān,xiān,càn,shǎn",扌，参
2953,十一画,掸,"dǎn,shàn",扌，单
2952,十一画,掷,zhì,扌，郑
2951,十一画,掖,"yè,yē",扌，夜
2950,十一画,掂,diān,扌，店
2949,十一画,掐,qiā,扌，臽
2948,十一画,捻,"niǎn,niē",扌，念
2947,十一画,埠,bù,土，阜
2946,十一画,赦,shè,赤，攵
2945,十一画,捶,chuí,扌，垂
2944,十一画,捺,nà,扌，奈
2943,十一画,措,cuò,扌，昔
2942,十一画,琅,láng,王，良
2941,十一画,琉,liú,王，㐬
2940,十一画,麸,fū,麦，夫
2939,十一画,琐,suǒ,王，小，贝
2938,十画,骏,jùn,马，夋
2937,十画,娩,miǎn,女，免
2936,十画,恕,shù,如，心
2935,十画,祟,suì,出，示
2934,十画,谆,zhūn,讠，享
2933,十画,袒,tǎn,衤，旦
2932,十画,诽,fěi,讠，非
2931,十画,诺,nuò,讠，若
2930,十画,窍,qiào,穴，巧
2929,十画,悯,mǐn,忄，闵
2928,十画,悍,hàn,忄，旱
2927,十画,涩,sè,氵，刃，止
2926,十画,涕,tì,氵，弟
2925,十画,涧,jiàn,氵，间
2924,十画,涤,dí,氵，条
2923,十画,涣,huàn,氵，奂
2922,十画,涡,"wō,guō",氵，呙
2921,十画,浦,pǔ,氵，甫
2920,十画,烙,"lào,luò",火，各
2919,十画,羔,gāo,⺷，灬
2918,十画,瓷,cí,次，瓦
2917,十画,紊,wěn,文，糸
2916,十画,疹,zhěn,疒，㐱
2915,十画,斋,zhāi,文，而
2914,十画,郭,guō,享，阝
2913,十画,衷,zhōng,衣，中
2912,十画,凄,qī,冫，妻
2911,十画,凌,líng,冫，夌
2910,十画,馁,něi,饣，妥
2909,十画,鸳,yuān,夗，鸟
2908,十画,鸵,tuó,鸟，它
2907,十画,卿,qīng,卯，皀
2906,十画,逛,guàng,狂，辶
2905,十画,脓,nóng,月，农
2904,十画,脐,qí,月，齐
2903,十画,胰,yí,月，夷
2902,十画,胯,kuà,月，夸
2901,十画,颁,bān,分，页
2900,十画,豹,bào,豸，勺
2899,十画,豺,chái,豸，才
2898,十画,舀,yǎo,爫，臼
2897,十画,耸,sǒng,从，耳
2896,十画,殷,"yīn,yān,yǐn",㐆，殳
2895,十画,倔,"jué,juè",亻，屈
2894,十画,赁,lìn,任，贝
2893,十画,俺,ǎn,亻，奄
2892,十画,笆,bā,⺮，巴
2891,十画,秫,shú,禾，术
2890,十画,氨,ān,气，安
2889,十画,铆,mǎo,钅，卯
2888,十画,钾,jiǎ,钅，甲
2887,十画,赃,zāng,贝，庄
2886,十画,赂,lù,贝，各
2885,十画,峻,jùn,山，夋
2884,十画,唧,jī,口，即
2883,十画,峭,qiào,山，肖
2882,十画,唆,suō,口，夋
2881,十画,哼,"hēng,hng",口，亨
2880,十画,唁,yàn,口，言
2879,十画,鸯,yāng,央，鸟
2878,十画,圃,pǔ,囗，甫
2877,十画,哩,"li,lǐ,lī",口，里
2876,十画,蚓,yǐn,虫，引
2875,十画,蚪,dǒu,虫，斗
2874,十画,蚣,"gōng,zhōng",虫，公
2873,十画,畔,pàn,田，半
2872,十画,蚜,yá,虫，牙
2871,十画,蚌,"bàng,bèng",虫，丰
2870,十画,剔,tī,易，刂
2869,十画,哺,bǔ,口，甫
2868,十画,唠,"lào,láo",口，劳
2867,十画,哮,xiào,口，孝
2866,十画,逞,chěng,呈，辶
2865,十画,殉,xùn,歹，旬
2864,十画,砾,lì,石，乐
2863,十画,砰,pēng,石，平
2862,十画,砸,zá,石，匝
2861,十画,酌,zhuó,酉，勺
2860,十画,贾,"gǔ,jiǎ",覀，贝
2859,十画,桩,zhuāng,木，庄
2858,十画,桅,wéi,木，危
2857,十画,栓,shuān,木，全
2856,十画,桦,huà,木，华
2855,十画,栖,"qī,xī",木，西
2854,十画,梆,bāng,木，邦
2853,十画,莺,yīng,艹，冖，鸟
2852,十画,莹,yíng,艹，冖，玉
2851,十画,莉,lì,艹，利
2850,十画,莱,lái,艹，来
2849,十画,莽,mǎng,艹，犬，廾
2848,十画,荸,bí,艹，孛
2847,十画,聂,niè,耳，又，又
2846,十画,耿,gěng,耳，火
2845,十画,埃,āi,土，矣
2844,十画,捅,tǒng,扌，甬
2843,十画,捣,dǎo,扌，岛
2842,十画,挚,zhì,执，手
2841,十画,挫,cuò,扌，坐
2840,十画,捌,bā,扌，另，刂
2839,十画,袁,yuán,袁
2838,十画,捍,hàn,扌，旱
2837,十画,捂,wǔ,扌，吾
2836,十画,埂,gěng,土，更
2835,十画,匿,nì,匚，若
2834,十画,秦,qín,夲，禾
2833,十画,耙,"bà,pá",耒，巴
2832,十画,耘,yún,耒，云
2831,九画,骇,hài,马，亥
2830,九画,蚤,zǎo,叉，虫
2829,九画,娜,"nà,nuó",女，那
2828,九画,姚,yáo,女，兆
2827,九画,陨,yǔn,阝，员
2826,九画,逊,xùn,孙，辶
2825,九画,屎,shǐ,尸，米
2824,九画,屏,"píng,bǐng",尸，并
2823,九画,诲,huì,讠，每
2822,九画,祠,cí,礻，司
2821,九画,诬,wū,讠，巫
2820,九画,诫,jiè,讠，戒
2819,九画,宦,huàn,宀，臣
2818,九画,恤,xù,忄，血
2817,九画,恬,tián,忄，舌
2816,九画,恍,huǎng,忄，光
2815,九画,恃,shì,忄，寺
2814,九画,洛,luò,氵，各
2813,九画,涎,xián,氵，延
2812,九画,柒,qī,氵，七，木
2811,九画,洼,wā,氵，圭
2810,九画,炫,xuàn,火，玄
2809,九画,烁,shuò,火，乐
2808,九画,娄,lóu,米，女
2807,九画,籽,zǐ,米，子
2806,九画,闽,mǐn,门，虫
2805,九画,闺,guī,门，圭
2804,九画,飒,sà,立，风
2803,九画,咨,zī,次，口
2802,九画,奕,yì,亦，大
2801,九画,峦,luán,龻，山
2800,九画,饵,ěr,饣，耳
2799,九画,狰,zhēng,犭，争
2798,九画,胎,tāi,月，台
2797,九画,胧,lóng,月，龙
2796,九画,胚,pēi,月，丕
2795,九画,衍,yǎn,彳，氵，亍
2794,九画,徊,huái,彳，回
2793,九画,侯,"hóu,hòu",亻，矦
2792,九画,俐,lì,亻，利
2791,九画,俄,é,亻，我
2790,九画,俏,"qiào,xiào",亻，肖
2789,九画,秕,bǐ,禾，比
2788,九画,氢,qīng,气，坙
2787,九画,毡,zhān,毛，占
2786,九画,钮,niǔ,钅，丑
2785,九画,钧,jūn,钅，匀
2784,九画,钦,qīn,钅，欠
2783,九画,钠,nà,钅，内
2782,九画,钝,dùn,钅，屯
2781,九画,钙,gài,钅，丐
2780,九画,幽,yōu,山，幺，幺
2779,九画,哟,"yō,yo",口，纟，勺
2778,九画,咪,mī,口，米
2777,九画,哆,duō,口，多
2776,九画,勋,xūn,员，力
2775,九画,盅,zhōng,中，皿
2774,九画,昭,zhāo,日，召
2773,九画,昵,nì,日，尼
2772,九画,咧,"liě,liē,lié,lie",口，列
2771,九画,盹,dǔn,目，屯
2770,九画,昧,mèi,日，未
2769,九画,虐,nüè,虍，匚，一
2768,九画,韭,jiǔ,韭
2767,九画,轴,zhóu,车，由
2766,九画,鸥,ōu,区，鸟
2765,九画,砚,yàn,石，见
2764,九画,泵,bèng,石，水
2763,九画,砂,shā,石，少
2762,九画,柬,jiǎn,柬
2761,九画,勃,"bó,bèi",孛，力
2760,九画,枷,jiā,木，加
2759,九画,柠,níng,木，宁
2758,九画,栅,"zhà,shān,shi,cè",木，册
2757,九画,柑,gān,木，甘
2756,九画,栈,zhàn,木，戋
2755,九画,荔,lì,艹，力，力，力
2754,九画,荧,yíng,艹，冖，火
2753,九画,荤,hūn,艹，冖，军
2752,九画,荠,jì,艹，奇
2751,九画,荞,qiáo,艹，乔
2750,九画,茴,huí,艹，回
2749,九画,茵,yīn,艹，因
2748,九画,荚,jiá,艹，夹
2747,九画,茬,chá,艹，在
2746,九画,茸,róng,艹，耳
2745,九画,荆,jīng,艹，开，刂
2744,九画,拯,zhěng,扌，丞
2743,九画,垛,"duǒ,duò",土，朵
2742,九画,垢,gòu,土，后
2741,九画,挟,"xié,jiā",扌，夹
2740,九画,拱,gǒng,扌，共
2739,九画,拷,kǎo,扌，考
2738,九画,拭,shì,扌，式
2737,九画,珊,shān,王，册
2736,九画,玲,líng,王，令
2735,九画,玷,diàn,王，占
2734,九画,贰,èr,贰
2733,九画,契,"qì,qiè,xiè",契
2732,八画,绎,yì,纟，睪
2731,八画,绊,bàn,纟，半
2730,八画,驹,jū,马，句
2729,八画,绅,shēn,纟，申
2728,八画,叁,sān,厶，大，三
2727,八画,虱,shī,虱
2726,八画,姆,mǔ,女，母
2725,八画,函,hán,函
2724,八画,陌,mò,阝，百
2723,八画,陋,lòu,阝，丙，𠃊
2722,八画,弥,"mí,mǐ",弓，尔
2721,八画,弧,hú,弓，瓜
2720,八画,屉,tì,尸，世
2719,八画,帚,zhǒu,彐，冖，巾
2718,八画,诡,guǐ,讠，危
2717,八画,祈,qí,礻，斤
2716,八画,衩,chà,衤，叉
2715,八画,宛,"wǎn,yuān",宀，夗
2714,八画,宠,chǒng,宀，龙
2713,八画,怯,qiè,忄，去
2712,八画,怔,zhēng,忄，正
2711,八画,沼,zhǎo,氵，召
2710,八画,泌,"mì,bì",氵，必
2709,八画,泞,nìng,氵，宁
2708,八画,泣,qì,氵，立
2707,八画,沮,"jǔ,jù",氵，且
2706,八画,沽,gū,氵，古
2705,八画,炬,jù,火，巨
2704,八画,氓,"méng,máng",亡，民
2703,八画,卒,"zú,cù",卒
2702,八画,疚,jiù,疒，久
2701,八画,疙,"gē,yì",疒，乞
2700,八画,疟,"nüè,yào",疒，匚，一
2699,八画,庞,páng,广，龙
2698,八画,狞,níng,犭，宁
2697,八画,肪,fáng,月，方
2696,八画,肮,āng,月，亢
2695,八画,瓮,wèng,公，瓦
2694,八画,忿,fèn,分，心
2693,八画,觅,mì,爫，见
2692,八画,肴,yáo,㐅，有
2691,八画,刹,"chà,shā",杀，刂
2690,八画,刽,guì,会，刂
2689,八画,卑,bēi,卑
2688,八画,侈,chǐ,亻，多
2687,八画,侣,lǚ,亻，吕
2686,八画,侥,"jiǎo,yáo",亻，尧
2685,八画,侠,xiá,亻，夹
2684,八画,岳,yuè,丘，山
2683,八画,秉,bǐng,禾，彐
2682,八画,氛,fēn,气，分
2681,八画,贮,zhù,贝，㝉
2680,八画,贬,biǎn,贝，乏
2679,八画,账,zhàng,贝，长
2678,八画,帕,pà,巾，白
2677,八画,咖,"kā,gā",口，加
2676,八画,咆,páo,口，包
2675,八画,咒,zhòu,口，口，几
2674,八画,呻,shēn,口，申
2673,八画,咙,lóng,口，龙
2672,八画,呵,"hē,a,kē",口，可
2671,八画,咕,gū,口，古
2670,八画,哎,āi,口，艾
2669,八画,昙,tán,曰，云
2668,八画,卓,zhuó,卓
2667,八画,歧,qí,止，支
2666,八画,殴,ōu,区，殳
2665,八画,奄,"yǎn,yān",大，电
2664,八画,奈,nài,大，示
2663,八画,矾,fán,石，凡
2662,八画,郁,yù,有，阝
2661,八画,杭,háng,木，亢
2660,八画,枫,fēng,木，风
2659,八画,枚,méi,木，攵
2658,八画,枢,shū,木，区
2657,八画,枉,wǎng,木，王
2656,八画,苔,"tái,tāi",艹，台
2655,八画,茁,zhuó,艹，出
2654,八画,苞,bāo,艹，包
2653,八画,苟,gǒu,艹，句
2652,八画,苫,"shān,shàn",艹，占
2651,八画,苛,"kē,hē",艹，可
2650,八画,昔,xī,昔
2649,八画,茉,mò,艹，末
2648,八画,拗,"ǎo,ào,niù",扌，幼
2647,八画,拇,mǔ,扌，母
2646,八画,拙,zhuō,扌，出
2645,八画,拂,"fú,bì",扌，弗
2644,八画,拧,"níng,nǐng,nìng",扌，宁
2643,八画,拄,zhǔ,扌，主
2642,八画,坤,kūn,土，申
2641,八画,坪,píng,土，平
2640,八画,拓,"tuò,tà,zhí",扌，石
2639,八画,坯,pī,土，丕
2638,八画,坷,"kē,kě",土，可
2637,八画,卦,guà,圭，卜
2636,八画,玫,méi,王，攵
2635,七画,纬,wěi,纟，韦
2634,七画,妒,dù,女，户
2633,七画,姊,zǐ,女，𠂔
2632,七画,妓,jì,女，支
2631,七画,坠,zhuì,阝，人，土
2630,七画,屁,pì,尸，比
2629,七画,罕,hǎn,㓁，干
2628,七画,诈,zhà,讠，乍
2627,七画,诅,zǔ,讠，且
2626,七画,忱,chén,忄，冘
2625,七画,沪,hù,氵，户
2624,七画,沧,cāng,氵，仓
2623,七画,汹,xiōng,氵，凶
2622,七画,沦,lún,氵，仑
2621,七画,沥,lì,氵，历
2620,七画,汰,tài,氵，太
2619,七画,沛,pèi,氵，巿
2618,七画,沐,mù,氵，木
2617,七画,灼,zhuó,火，勺
2616,七画,兑,"duì,ruì,yuè",兑
2615,七画,闰,rùn,门，王
2614,七画,庐,lú,广，户
2613,七画,吝,lìn,文，口
2612,七画,庇,bì,广，比
2611,七画,刨,"páo,bào",包，刂
2610,七画,灸,jiǔ,久，火
2609,七画,彤,tóng,丹，彡
2608,七画,鸠,jiū,九，鸟
2607,七画,狈,bèi,犭，贝
2606,七画,甸,"diàn,tián,shèng",勹，田
2605,七画,肘,zhǒu,月，寸
2604,七画,肛,gāng,月，弓
2603,七画,囱,cōng,囱
2602,七画,伺,"sì,cì",亻，司
2601,七画,佃,"diàn,tián",亻，田
2600,七画,佑,yòu,亻，右
2599,七画,牡,mǔ,牛，土
2598,七画,岖,qū,山，区
2597,七画,吮,shǔn,口，允
2596,七画,囤,"dùn,tún",囗，屯
2595,七画,邑,yì,口，巴
2594,七画,吭,"háng,kēng",口，亢
2593,七画,吻,wěn,口，勿
2592,七画,呛,"qiāng,qiàng",口，仓
2591,七画,吟,yín,口，今
2590,七画,呐,"nà,nè",口，内
2589,七画,呕,"ǒu,ōu,òu",口，区
2588,七画,吠,fèi,口，犬
2587,七画,吱,"zhī,zī",口，支
2586,七画,肖,"xiāo,xiào",肖
2585,七画,卤,lǔ,卤
2584,七画,轩,xuān,车，干
2583,七画,匣,xiá,匚，甲
2582,七画,甫,fǔ,甫
2581,七画,杈,"chā,chà",木，叉
2580,七画,巫,wū,工，人，人
2579,七画,杉,"shān,shā",木，彡
2578,七画,杖,zhàng,木，丈
2577,七画,芭,bā,艹，巴
2576,七画,芯,"xīn,xìn",艹，心
2575,七画,芥,"jiè,gài",艹，介
2574,七画,苇,wěi,艹，韦
2573,七画,芜,wú,艹，无
2572,七画,芙,fú,艹，夫
2571,七画,抒,shū,扌，予
2570,七画,拟,nǐ,扌，以
2569,七画,抑,yì,扌，卬
2568,七画,坞,wù,土，乌
2567,七画,坎,kǎn,土，欠
2566,七画,抡,"lūn,lún",扌，仑
2565,七画,扳,bān,扌，反
2564,七画,汞,gǒng,工，水
2563,七画,扼,è,扌，厄
2562,七画,抠,kōu,扌，区
2561,七画,韧,rèn,韦，刃
2560,七画,玛,mǎ,王，马
2559,七画,玖,jiǔ,王，久
2558,六画,纫,rèn,纟，刃
2557,六画,驯,xùn,马，川
2556,六画,驮,tuó,马，大
2555,六画,阱,jǐng,阝，井
2554,六画,弛,chí,弓，也
2553,六画,诀,jué,讠，夬
2552,六画,讼,sòng,讠，公
2551,六画,讹,é,讠，化
2550,六画,讶,yà,讠，牙
2549,六画,讳,huì,讠，韦
2548,六画,汛,xùn,氵，卂
2547,六画,亥,hài,亥
2546,六画,妆,zhuāng,丬，女
2545,六画,凫,fú,鸟，几
2544,六画,匈,xiōng,勹，凶
2543,六画,旭,xù,九，日
2542,六画,肋,"lèi,lē",月，力
2541,六画,伊,yī,亻，尹
2540,六画,伦,lún,亻，仑
2539,六画,仲,zhòng,亻，中
2538,六画,臼,jiù,臼
2537,六画,迄,qì,乞，辶
2536,六画,廷,tíng,廴，壬
2535,六画,屹,yì,山，乞
2534,六画,吆,yāo,口，幺
2533,六画,吕,lǚ,口，口
2532,六画,吁,"xū,yù",口，于
2531,六画,夷,yí,大，弓
2530,六画,吏,lì,吏
2529,六画,芍,sháo,艹，勺
2528,六画,芋,yù,艹，于
2527,六画,邢,xíng,开，阝
2526,六画,迂,yū,于，辶
2525,六画,邦,bāng,丰，阝
2524,五画,玄,xuán,玄
2523,五画,冯,"féng,píng",冫，马
2522,五画,尔,ěr,尔
2521,五画,乍,zhà,乍
2520,五画,矢,shǐ,矢
2519,五画,囚,qiú,囗，人
2518,五画,凹,"āo,wā",凹
2517,五画,皿,mǐn,皿
2516,五画,叽,jī,口，几
2515,五画,叭,bā,口，八
2514,五画,卢,lú,卢
2513,五画,凸,tū,凸
2512,五画,夯,"hāng,bèn",大，力
2511,五画,艾,ài,艹，乂
2510,四画,邓,dèng,又，阝
2509,四画,冗,rǒng,冖，几
2508,四画,讥,jī,讠，几
2507,四画,仑,lún,仑
2506,四画,夭,yāo,夭
2505,四画,戈,gē,戈
2504,四画,歹,dǎi,歹
2503,四画,丐,gài,丐
2502,二画,刁,diāo,刁
2501,二画,匕,bǐ,匕
2500,二十三画,罐,guàn,缶，雚
2499,二十二画,囊,"náng,nāng",囊
2498,二十一画,露,"lòu,lù",雨，路
2497,二十一画,霸,bà,雨，革，月
2496,二十一画,蠢,chǔn,春，虫，虫
2495,二十画,灌,guàn,氵，雚
2494,二十画,魔,mó,麻，鬼
2493,二十画,籍,jí,⺮，耒，昔
2492,二十画,嚷,"rǎng,rāng",口，襄
2491,二十画,嚼,"jiáo,jué,jiào",口，爵
2490,二十画,躁,zào,足，喿
2489,二十画,耀,yào,光，翟
2488,二十画,壤,rǎng,土，襄
2487,十九画,疆,"jiāng,qiáng",弓，土，畺
2486,十九画,爆,bào,火，暴
2485,十九画,瓣,bàn,辡，瓜
2484,十九画,颤,"chàn,zhàn",亶，页
2483,十九画,蹲,dūn,足，尊
2482,十九画,攀,pān,林，爻，大，手
2481,十九画,警,jǐng,敬，言
2480,十八画,鹰,yīng,@，鸟
2479,十八画,翻,fān,番，羽
2478,十八画,镰,lián,钅，廉
2477,十八画,蹦,bèng,足，崩
2476,十八画,覆,fù,覀，彳，复
2475,十八画,鞭,biān,革，便
2474,十七画,骤,zhòu,马，聚
2473,十七画,翼,yì,羽，田，共
2472,十七画,臂,"bì,bei",辟，月
2471,十七画,燥,zào,火，喿
2470,十七画,糠,kāng,米，康
2469,十七画,糟,zāo,米，曹
2468,十七画,赢,yíng,亡，口，月，贝，凡
2467,十七画,辫,biàn,辡，纟
2466,十七画,繁,"fán,pó",敏，糸
2465,十七画,穗,suì,禾，惠
2464,十七画,螺,luó,虫，累
2463,十七画,蹈,dǎo,足，舀
2462,十七画,瞧,qiáo,目，焦
2461,十七画,霞,xiá,雨，叚
2460,十七画,霜,shuāng,雨，相
2459,十七画,藏,"cáng,zàng",艹，臧
2458,十七画,鞠,jū,革，匊
2457,十七画,擦,cā,扌，察
2456,十七画,戴,dài,𢦏，田，共
2455,十六画,缴,"jiǎo,zhuó",纟，敫
2454,十六画,避,bì,辟，辶
2453,十六画,壁,bì,辟，土
2452,十六画,懒,lǎn,忄，赖
2451,十六画,激,jī,氵，敫
2450,十六画,澡,zǎo,氵，喿
2449,十六画,燃,rán,火，然
2448,十六画,糕,gāo,米，羔
2447,十六画,糖,táng,米，唐
2446,十六画,辩,biàn,辡，讠
2445,十六画,辨,biàn,辡，刀
2444,十六画,凝,níng,冫，疑
2443,十六画,磨,"mó,mò",麻，石
2442,十六画,雕,diāo,周，隹
2441,十六画,膨,péng,月，彭
2440,十六画,衡,héng,行，角，大
2439,十六画,邀,yāo,敫，辶
2438,十六画,篮,lán,⺮，监
2437,十六画,赞,zàn,兟，贝
2436,十六画,镜,jìng,钅，竟
2435,十六画,默,mò,黑，犬
2434,十六画,赠,zèng,贝，曾
2433,十六画,器,qì,口，口，犬，口，口
2432,十六画,蹄,tí,足，帝
2431,十六画,嘴,zuǐ,口，觜
2430,十六画,餐,cān,歺，又，食
2429,十六画,醒,xǐng,酉，星
2428,十六画,融,róng,鬲，虫
2427,十六画,整,zhěng,敕，正
2426,十六画,橘,jú,木，矞
2425,十六画,颠,diān,真，页
2424,十六画,薄,"báo,bó,bò",艹，溥
2423,十六画,薪,xīn,艹，亲，斤
2422,十六画,薯,shǔ,艹，罒，者
2421,十六画,燕,"yàn,yān",燕
2420,十六画,操,cāo,扌，喿
2419,十五画,劈,"pī,pǐ",辟，刀
2418,十五画,慰,wèi,尉，心
2417,十五画,额,é,客，页
2416,十五画,懂,dǒng,忄，艹，重
2415,十五画,潮,cháo,氵，朝
2414,十五画,潜,qián,氵，夫，夫，日
2413,十五画,遵,zūn,尊，辶
2412,十五画,糊,"hū,hú,hù",米，胡
2411,十五画,毅,yì,豙，殳
2410,十五画,颜,yán,彦，页
2409,十五画,摩,"mó,mā",麻，手
2408,十五画,熟,shú,孰，灬
2407,十五画,膛,táng,月，堂
2406,十五画,膝,xī,月，桼
2405,十五画,艘,sōu,舟，叟
2404,十五画,德,dé,彳，𢛳
2403,十五画,僻,pì,彳，辟
2402,十五画,躺,tǎng,身，尚
2401,十五画,僵,jiāng,亻，畺
2400,十五画,篇,piān,⺮，扁
2399,十五画,箭,jiàn,⺮，前
2398,十五画,箱,xiāng,⺮，相
2397,十五画,稼,jià,禾，家
2396,十五画,稿,gǎo,禾，高
2395,十五画,黎,lí,利，黍
2394,十五画,稻,dào,禾，舀
2393,十五画,靠,kào,告，非
2392,十五画,镇,zhèn,钅，真
2391,十五画,墨,mò,黑，土
2390,十五画,嘱,zhǔ,口，属
2389,十五画,蝴,hú,虫，胡
2388,十五画,蝶,dié,虫，枼
2387,十五画,踪,zōng,足，宗
2386,十五画,踩,cǎi,足，采
2385,十五画,踏,tà,足，沓
2384,十五画,踢,tī,足，易
2383,十五画,影,yǐng,景，彡
2382,十五画,瞎,xiā,目，害
2381,十五画,暴,"bào,pù",暴
2380,十五画,题,tí,是，页
2379,十五画,瞒,"mán,mén",目，艹，两
2378,十五画,霉,méi,雨，每
2377,十五画,震,zhèn,雨，辰
2376,十五画,醉,zuì,酉，卒
2375,十五画,醋,cù,酉，昔
2374,十五画,飘,piāo,票，风
2373,十五画,橡,xiàng,木，象
2372,十五画,樱,yīng,木，婴
2371,十五画,槽,cáo,木，曹
2370,十五画,横,"héng,hèng",木，黄
2369,十五画,蔬,shū,艹，疏
2368,十五画,蕉,jiāo,艹，焦
2367,十五画,鞋,xié,革，圭
2366,十五画,聪,cōng,耳，总
2365,十五画,增,zēng,土，曾
2364,十五画,撤,chè,扌，育，攵
2363,十五画,撞,zhuàng,扌，童
2362,十五画,播,bō,扌，番
2361,十五画,撑,chēng,扌，掌
2360,十五画,趟,"tàng,tāng",走，尚
2359,十五画,趣,"qù,cù",走，取
2358,十五画,撒,"sā,sǎ",扌，散
2357,十五画,撕,sī,扌，斯
2356,十五画,慧,huì,丰，丰，彐，心
2355,十四画,缩,"suō,sù",纟，宿
2354,十四画,骡,luó,马，累
2353,十四画,凳,dèng,登，几
2352,十四画,熊,xióng,能，灬
2351,十四画,翠,cuì,羽，卒
2350,十四画,嫩,nèn,女，敕
2349,十四画,谱,pǔ,讠，普
2348,十四画,蜜,mì,宓，虫
2347,十四画,察,chá,宀，祭
2346,十四画,赛,sài,宀，@，贝
2345,十四画,寨,zhài,宀，@，木
2344,十四画,慢,màn,忄，曼
2343,十四画,漏,lòu,氵，屚
2342,十四画,演,yǎn,氵，寅
2341,十四画,滴,dī,氵，啇
2340,十四画,漫,màn,氵，曼
2339,十四画,漂,"piāo,piǎo,piào",氵，票
2338,十四画,漆,qī,氵，桼
2337,十四画,熔,róng,火，容
2336,十四画,熄,xī,火，息
2335,十四画,歉,qiàn,兼，欠
2334,十四画,精,jīng,米，青
2333,十四画,旗,qí,㫃，其
2332,十四画,端,duān,立，耑
2331,十四画,竭,jié,立，曷
2330,十四画,辣,là,辛，束
2329,十四画,瘦,shòu,疒，叟
2328,十四画,腐,fǔ,府，肉
2327,十四画,遮,zhē,庶，辶
2326,十四画,膏,"gāo,gào",高，月
2325,十四画,豪,háo,高，豕
2324,十四画,敲,qiāo,高，攴
2323,十四画,裹,guǒ,衣，果
2322,十四画,馒,mán,饣，曼
2321,十四画,疑,"yí,nǐ",匕、矢、@，疋
2320,十四画,鲜,"xiān,xiǎn",鱼，羊
2319,十四画,膀,bǎng,月，旁
2318,十四画,膊,bó,月，尃
2317,十四画,膜,mó,月，莫
2316,十四画,貌,mào,豸，皃
2315,十四画,魄,pò,白，鬼
2314,十四画,鼻,bí,自，畀
2313,十四画,僚,liáo,亻，尞
2312,十四画,管,guǎn,⺮，官
2311,十四画,箩,luó,⺮，罗
2310,十四画,算,suàn,⺮，目，廾
2309,十四画,稳,wěn,禾，急
2308,十四画,舞,wǔ,舞
2307,十四画,锻,duàn,钅，段
2306,十四画,锹,qiāo,钅，秋
2305,十四画,赚,zhuàn,贝，兼
2304,十四画,蜘,zhī,虫，知
2303,十四画,蝇,yíng,虫，黾
2302,十四画,蜡,là,虫，昔
2301,十四画,蜻,qīng,虫，青
2300,十四画,嗽,sòu,口，欶
2299,十四画,颗,kē,果，页
2298,十四画,裳,"cháng,shang",尚，衣
2297,十四画,弊,bì,敝，廾
2296,十四画,需,xū,雨，而
2295,十四画,愿,yuàn,原，心
2294,十四画,磁,cí,石，兹
2293,十四画,酸,suān,酉，夋
2292,十四画,酿,niàng,酉，良
2291,十四画,酷,kù,酉，告
2290,十四画,遭,zāo,曹，辶
2289,十四画,歌,gē,哥，欠
2288,十四画,榨,zhà,木，窄
2287,十四画,榜,"bǎng,bàng",木，旁
2286,十四画,榴,liú,木，留
2285,十四画,模,"mó,mú",木，莫
2284,十四画,蔑,miè,艹，罒，戍
2283,十四画,暮,mù,莫，日
2282,十四画,慕,mù,莫，@
2281,十四画,蔽,bì,艹，敝
2280,十四画,聚,jù,取，@
2279,十四画,摔,shuāi,扌，率
2278,十四画,摘,zhāi,扌，啇
2277,十四画,境,jìng,土，竟
2276,十四画,誓,shì,折，言
2275,十四画,截,jié,？
2274,十四画,摧,cuī,扌，崔
2273,十四画,嘉,jiā,？
2272,十四画,撇,"piē,piě",扌，敝
2271,十四画,墙,qiáng,土，啬
2270,十四画,璃,lí,王，离
2269,十四画,碧,bì,王，白，石
2268,十四画,静,jìng,青，争
2267,十三画,缠,chán,纟，廛
2266,十三画,缝,"féng,fèng",纟，逢
2265,十三画,叠,dié,又，又，又，冖，且
2264,十三画,嫁,jià,女，家
2263,十三画,嫌,xián,女，兼
2262,十三画,障,zhàng,阝，章
2261,十三画,辟,"bì,pì",？
2260,十三画,殿,diàn,尸，共，殳
2259,十三画,群,qún,君，羊
2258,十三画,福,fú,礻，畐
2257,十三画,谨,jǐn,
2256,十三画,塞,"sāi,sài,sè",
2255,十三画,誉,yù,
2254,十三画,慎,shèn,
2253,十三画,滩,tān,
2252,十三画,粱,liáng,
2251,十三画,滨,bīn,
2250,十三画,滚,gǔn,
2249,十三画,溜,"liū,liù",
2248,十三画,溪,xī,
2247,十三画,滔,tāo,
2246,十三画,滥,làn,
2245,十三画,滤,lǜ,
2244,十三画,源,yuán,
2243,十三画,漠,mò,
2242,十三画,满,mǎn,
2241,十三画,煌,huáng,
2240,十三画,煤,méi,
2239,十三画,慈,cí,
2238,十三画,塑,sù,
2237,十三画,煎,jiān,
2236,十三画,数,"shù,shǔ,shuò",
2235,十三画,粮,liáng,
2234,十三画,意,yì,
2233,十三画,韵,yùn,
2232,十三画,新,xīn,
2231,十三画,廉,lián,
2230,十三画,痰,tán,
2229,十三画,酱,jiàng,
2228,十三画,解,"jiě,jiè,xiè",
2227,十三画,触,chù,
2226,十三画,腿,tuǐ,
2225,十三画,腾,téng,
2224,十三画,腹,fù,
2223,十三画,腥,xīng,
2222,十三画,腰,yāo,
2221,十三画,遥,yáo,
2220,十三画,愈,yù,
2219,十三画,微,wēi,
2218,十三画,躲,duǒ,
2217,十三画,像,xiàng,
2216,十三画,傻,shǎ,
2215,十三画,催,cuī,
2214,十三画,鼠,shǔ,
2213,十三画,舅,jiù,
2212,十三画,毁,huǐ,
2211,十三画,简,jiǎn,
2210,十三画,签,qiān,
2209,十三画,筹,chóu,
2208,十三画,愁,chóu,
2207,十三画,稠,chóu,
2206,十三画,辞,cí,
2205,十三画,矮,ǎi,
2204,十三画,锯,jù,
2203,十三画,键,jiàn,
2202,十三画,锦,jǐn,
2201,十三画,锤,chuí,
2200,十三画,锣,luó,
2199,十三画,锡,xī,
2198,十三画,错,cuò,
2197,十三画,罩,zhào,
2196,十三画,罪,zuì,
2195,十三画,置,zhì,
2194,十三画,嗓,sǎng,
2193,十三画,蜂,fēng,
2192,十三画,蛾,"é,yǐ",
2191,十三画,遣,qiǎn,
2190,十三画,跟,gēn,
2189,十三画,路,lù,
2188,十三画,跪,guì,
2187,十三画,跳,"tiào,táo",
2186,十三画,跨,kuà,
2185,十三画,照,zhào,
2184,十三画,暗,àn,
2183,十三画,歇,xiē,
2182,十三画,盟,méng,
2181,十三画,暖,nuǎn,
2180,十三画,愚,yú,
2179,十三画,鄙,bǐ,
2178,十三画,睬,cǎi,
2177,十三画,睡,shuì,
2176,十三画,睛,jīng,
2175,十三画,鉴,jiàn,
2174,十三画,龄,líng,
2173,十三画,督,dū,
2172,十三画,输,shū,
2171,十三画,雹,báo,
2170,十三画,雾,wù,
2169,十三画,零,líng,
2168,十三画,雷,léi,
2167,十三画,碌,"lù,liù",
2166,十三画,碗,wǎn,
2165,十三画,碰,pèng,
2164,十三画,碎,suì,
2163,十三画,碑,bēi,
2162,十三画,碍,ài,
2161,十三画,感,gǎn,
2160,十三画,酬,chóu,
2159,十三画,赖,lài,
2158,十三画,概,gài,
2157,十三画,楼,lóu,
2156,十三画,榆,yú,
2155,十三画,槐,huái,
2154,十三画,想,xiǎng,
2153,十三画,楚,chǔ,
2152,十三画,禁,"jīn,jìn",
2151,十三画,献,xiàn,
2150,十三画,蒸,zhēng,艹，
2149,十三画,蒙,"mēng,méng,měng",艹，
2148,十三画,蓄,xù,艹，
2147,十三画,蓬,péng,艹，
2146,十三画,幕,mù,
2145,十三画,墓,mù,
2144,十三画,蓝,lán,艹，
2143,十三画,鹊,què,
2142,十三画,勤,qín,
2141,十三画,蒜,suàn,艹，
2140,十三画,摊,tān,扌，
2139,十三画,塘,táng,
2138,十三画,搞,gǎo,扌，
2137,十三画,摇,yáo,扌，
2136,十三画,搬,bān,扌，
2135,十三画,携,xié,扌，
2134,十三画,摆,bǎi,扌，
2133,十三画,鼓,gǔ,
2132,十三画,塌,tā,
2131,十三画,搏,bó,扌，尃
2130,十三画,填,"tián,zhèn",
2129,十三画,摸,mō,扌，
2128,十三画,摄,"shè,niè",扌，
2127,十三画,肆,sì,
2126,十三画,魂,hún,
2125,十三画,瑞,ruì,
2124,十二画,缘,yuán,
2123,十二画,骗,piàn,
2122,十二画,编,biān,纟，
2121,十二画,缓,huǎn,纟，
2120,十二画,缎,duàn,纟，
2119,十二画,登,dēng,
2118,十二画,嫂,sǎo,
2117,十二画,絮,xù,
2116,十二画,隙,xì,
2115,十二画,隔,gé,
2114,十二画,疏,shū,
2113,十二画,粥,"zhōu,yù",
2112,十二画,强,"qiáng,qiǎng,jiàng",
2111,十二画,屡,lǚ,
2110,十二画,属,"shǔ,zhǔ",
2109,十二画,谦,qiān,
2108,十二画,谣,yáo,
2107,十二画,谢,xiè,
2106,十二画,裙,qún,
2105,十二画,裤,kù,
2104,十二画,裕,yù,
2103,十二画,遍,biàn,
2102,十二画,窗,chuāng,
2101,十二画,窝,wō,
2100,十二画,窜,cuàn,
2099,十二画,富,fù,
2098,十二画,寒,hán,
2097,十二画,割,gē,
2096,十二画,慨,kǎi,
2095,十二画,愉,"yú,tōu",
2094,十二画,愧,kuì,
2093,十二画,惰,duò,
2092,十二画,慌,huāng,
2091,十二画,愤,fèn,
2090,十二画,溉,gài,
2089,十二画,滋,zī,
2088,十二画,游,yóu,
2087,十二画,渡,dù,
2086,十二画,湾,wān,
2085,十二画,滑,huá,
2084,十二画,渴,kě,
2083,十二画,温,wēn,
2082,十二画,湿,shī,
2081,十二画,渣,zhā,
2080,十二画,湖,hú,
2079,十二画,港,"gǎng,jiǎng",
2078,十二画,焰,yàn,
2077,十二画,曾,"zēng,céng",
2076,十二画,道,dào,
2075,十二画,尊,zūn,
2074,十二画,粪,fèn,
2073,十二画,普,pǔ,
2072,十二画,羡,xiàn,
2071,十二画,善,shàn,
2070,十二画,阔,kuò,
2069,十二画,童,tóng,
2068,十二画,痛,tòng,
2067,十二画,就,jiù,
2066,十二画,蛮,mán,
2065,十二画,装,zhuāng,
2064,十二画,馋,chán,
2063,十二画,然,rán,
2062,十二画,猴,hóu,
2061,十二画,猾,huá,
2060,十二画,鲁,lǔ,
2059,十二画,腔,qiāng,
2058,十二画,脾,pí,
2057,十二画,腊,"là,xī",
2056,十二画,禽,qín,
2055,十二画,释,shì,
2054,十二画,番,"fān,pān",
2053,十二画,舒,shū,
2052,十二画,艇,tǐng,
2051,十二画,循,xún,
2050,十二画,御,yù,
2049,十二画,惩,chéng,
2048,十二画,街,jiē,
2047,十二画,奥,"ào,yù",
2046,十二画,储,chǔ,
2045,十二画,傍,bàng,
2044,十二画,焦,jiāo,
2043,十二画,集,jí,
2042,十二画,堡,"bǎo,bǔ,pù",
2041,十二画,牌,pái,
2040,十二画,傅,fù,
2039,十二画,傲,ào,
2038,十二画,筝,zhēng,
2037,十二画,筋,jīn,
2036,十二画,答,"dá,dā",
2035,十二画,筒,tǒng,
2034,十二画,筛,shāi,
2033,十二画,策,cè,
2032,十二画,筑,"zhù,zhú",
2031,十二画,等,děng,
2030,十二画,筐,kuāng,
2029,十二画,税,shuì,
2028,十二画,稀,xī,
2027,十二画,程,chéng,
2026,十二画,稍,"shāo,shào",
2025,十二画,剩,shèng,
2024,十二画,鹅,é,
2023,十二画,毯,tǎn,
2022,十二画,智,zhì,
2021,十二画,短,duǎn,
2020,十二画,锐,ruì,
2019,十二画,锋,fēng,
2018,十二画,锈,xiù,
2017,十二画,锅,guō,
2016,十二画,锄,chú,
2015,十二画,锁,suǒ,
2014,十二画,销,xiāo,
2013,十二画,链,liàn,
2012,十二画,铺,"pū,pù",
2011,十二画,铸,zhù,
2010,十二画,黑,hēi,
2009,十二画,赔,péi,
2008,十二画,赌,dǔ,
2007,十二画,帽,mào,
2006,十二画,幅,fú,
2005,十二画,喉,hóu,
2004,十二画,喘,chuǎn,
2003,十二画,喂,wèi,
2002,十二画,喝,"hē,hè,yè",
2001,十二画,蜓,tíng,
2000,十二画,蛛,zhū,
1999,十二画,蛙,wā,
1998,十二画,遗,yí,
1997,十二画,跑,"pǎo,páo",
1996,十二画,跌,diē,
1995,十二画,践,jiàn,
1994,十二画,景,"jǐng,yǐng",
1993,十二画,喊,hǎn,
1992,十二画,遇,yù,
1991,十二画,喇,lǎ,
1990,十二画,晶,jīng,
1989,十二画,喷,"pēn,pèn",
1988,十二画,量,"liáng,liàng",
1987,十二画,最,zuì,
1986,十二画,暑,shǔ,
1985,十二画,晴,qíng,
1984,十二画,掌,zhǎng,
1983,十二画,赏,shǎng,
1982,十二画,敞,chǎng,
1981,十二画,辉,huī,
1980,十二画,紫,zǐ,
1979,十二画,悲,bēi,
1978,十二画,辈,bèi,
1977,十二画,雅,yǎ,
1976,十二画,暂,zàn,
1975,十二画,雄,xióng,
1974,十二画,裂,"liè,liě",
1973,十二画,殖,"zhí,shi",
1972,十二画,雁,yàn,
1971,十二画,确,què,
1970,十二画,硬,yìng,
1969,十二画,厦,"shà,xià",
1968,十二画,厨,chú,
1967,十二画,逼,bī,
1966,十二画,惑,huò,
1965,十二画,惠,huì,
1964,十二画,棕,zōng,
1963,十二画,棚,péng,
1962,十二画,棉,mián,
1961,十二画,棍,"gùn,hùn",
1960,十二画,棵,kē,
1959,十二画,椒,jiāo,
1958,十二画,椅,"yǐ,yī",
1957,十二画,森,sēn,
1956,十二画,植,zhí,
1955,十二画,棋,qí,
1954,十二画,棒,bàng,
1953,十二画,葵,kuí,艹，
1952,十二画,辜,gū,
1951,十二画,朝,"zhāo,cháo",
1950,十二画,落,"là,luò,lào",艹，
1949,十二画,葱,cōng,艹，
1948,十二画,敬,jìng,
1947,十二画,葡,pú,艹，
1946,十二画,董,dǒng,艹，
1945,十二画,葛,gé,艹，
1944,十二画,葬,zàng,艹，
1943,十二画,惹,rě,艹，
1942,十二画,散,"sàn,sǎn",
1941,十二画,联,lián,
1940,十二画,欺,qī,
1939,十二画,期,"qī,jī",
1938,十二画,斯,sī,
1937,十二画,揉,róu,扌，
1936,十二画,握,wò,扌，
1935,十二画,搅,jiǎo,扌，
1934,十二画,搂,"lǒu,lōu",扌，
1933,十二画,搁,"gē,gé",扌，
1932,十二画,裁,cái,
1931,十二画,援,yuán,扌，
1930,十二画,煮,zhǔ,
1929,十二画,搜,sōu,扌，
1928,十二画,揪,jiū,扌，
1927,十二画,插,chā,扌，
1926,十二画,喜,xǐ,
1925,十二画,揭,"jiē,qì",
1924,十二画,博,bó,
1923,十二画,堤,dī,
1922,十二画,提,"tí,dī,dǐ",扌，
1921,十二画,超,chāo,
1920,十二画,趋,"qū,cù",
1919,十二画,趁,chèn,
1918,十二画,越,yuè,
1917,十二画,塔,tǎ,
1916,十二画,搭,dā,扌，
1915,十二画,堪,kān,
1914,十二画,款,kuǎn,
1913,十二画,替,tì,
1912,十二画,斑,bān,
1911,十二画,琴,qín,
1910,十一画,绿,"lǜ,lù",纟，
1909,十一画,绸,chóu,纟，
1908,十一画,绵,mián,纟，
1907,十一画,维,wéi,纟，
1906,十一画,绳,shéng,纟，
1905,十一画,骑,qí,
1904,十一画,续,xù,纟，
1903,十一画,绪,xù,纟，
1902,十一画,绩,jì,纟，
1901,十一画,颈,"jǐng,gěng",
1900,十一画,婶,shěn,
1899,十一画,婚,hūn,
1898,十一画,隐,"yǐn,yìn",
1897,十一画,隆,lóng,
1896,十一画,蛋,dàn,
1895,十一画,随,suí,
1894,十一画,弹,"dàn,tán",
1893,十一画,屠,tú,
1892,十一画,敢,gǎn,
1891,十一画,逮,dài,
1890,十一画,谜,mí,
1889,十一画,祸,huò,
1888,十一画,谎,huǎng,
1887,十一画,谋,móu,
1886,十一画,密,mì,
1885,十一画,窑,yáo,
1884,十一画,宿,"sù,xiǔ,xiù",
1883,十一画,寄,jì,
1882,十一画,寇,kòu,
1881,十一画,惯,guàn,
1880,十一画,惨,cǎn,
1879,十一画,惊,jīng,
1878,十一画,惕,tì,
1877,十一画,惧,jù,
1876,十一画,悼,dào,
1875,十一画,惭,cán,
1874,十一画,惜,xī,
1873,十一画,情,qíng,
1872,十一画,渗,shèn,
1871,十一画,梁,liáng,
1870,十一画,婆,pó,
1869,十一画,深,shēn,
1868,十一画,淡,dàn,
1867,十一画,液,yè,
1866,十一画,淘,táo,
1865,十一画,渔,yú,
1864,十一画,混,"hùn,hún",
1863,十一画,渐,"jiàn,jiān",
1862,十一画,渠,"qú,jù",
1861,十一画,淹,yān,
1860,十一画,淋,"lín,lìn",
1859,十一画,添,tiān,
1858,十一画,清,qīng,
1857,十一画,兽,shòu,
1856,十一画,剪,jiǎn,
1855,十一画,断,duàn,
1854,十一画,粒,lì,
1853,十一画,粗,cū,
1852,十一画,粘,zhān,
1851,十一画,盖,"gài,gě,hé",
1850,十一画,着,"zhuó,zháo,zhāo,zhe",
1849,十一画,率,"shuài,lǜ",
1848,十一画,望,wàng,
1847,十一画,旋,"xuán,xuàn",
1846,十一画,族,zú,
1845,十一画,商,shāng,
1844,十一画,竟,jìng,
1843,十一画,章,zhāng,
1842,十一画,盗,dào,
1841,十一画,鹿,lù,
1840,十一画,庸,yōng,
1839,十一画,康,kāng,
1838,十一画,廊,láng,
1837,十一画,痕,hén,
1836,十一画,痒,yǎng,
1835,十一画,麻,má,
1834,十一画,毫,háo,
1833,十一画,减,jiǎn,
1832,十一画,凑,còu,
1831,十一画,馆,guǎn,
1830,十一画,馅,xiàn,
1829,十一画,猛,měng,
1828,十一画,猫,"māo,máo",
1827,十一画,猎,liè,
1826,十一画,猪,zhū,
1825,十一画,猜,cāi,
1824,十一画,够,gòu,
1823,十一画,象,xiàng,
1822,十一画,脱,tuō,
1821,十一画,脸,liǎn,
1820,十一画,脖,bó,
1819,十一画,脚,jiǎo,
1818,十一画,领,lǐng,
1817,十一画,彩,cǎi,
1816,十一画,欲,yù,
1815,十一画,悉,xī,
1814,十一画,鸽,gē,
1813,十一画,盒,hé,
1812,十一画,斜,xié,
1811,十一画,船,chuán,
1810,十一画,盘,pán,
1809,十一画,衔,xián,
1808,十一画,得,"dé,děi,de",
1807,十一画,假,"jiǎ,jià",
1806,十一画,偏,piān,
1805,十一画,停,tíng,
1804,十一画,售,shòu,
1803,十一画,您,nín,
1802,十一画,偷,tōu,
1801,十一画,偶,ǒu,
1800,十一画,偿,cháng,
1799,十一画,悠,yōu,
1798,十一画,袋,dài,
1797,十一画,做,zuò,
1796,十一画,敏,mǐn,
1795,十一画,第,dì,
1794,十一画,符,fú,
1793,十一画,笛,dí,
1792,十一画,笼,"lóng,lǒng",
1791,十一画,笨,bèn,
1790,十一画,移,yí,
1789,十一画,犁,lí,
1788,十一画,梨,lí,
1787,十一画,甜,tián,
1786,十一画,银,yín,
1785,十一画,铲,chǎn,
1784,十一画,铜,tóng,
1783,十一画,圈,"quān,juàn,juān",
1782,十一画,崇,chóng,
1781,十一画,崭,"zhǎn,chán",
1780,十一画,崖,yá,
1779,十一画,唯,wéi,
1778,十一画,患,huàn,
1777,十一画,唱,chàng,
1776,十一画,累,"léi,lěi,lèi",
1775,十一画,蛇,"shé,yí",
1774,十一画,略,lüè,
1773,十一画,跃,yuè,
1772,十一画,距,jù,
1771,十一画,啄,zhuó,
1770,十一画,晚,wǎn,
1769,十一画,啦,"lā,la",
1768,十一画,野,yě,
1767,十一画,悬,xuán,
1766,十一画,眼,yǎn,
1765,十一画,眯,"mī,mí",
1764,十一画,睁,zhēng,
1763,十一画,晨,chén,
1762,十一画,匙,"chí,shi",
1761,十一画,常,cháng,
1760,十一画,堂,táng,
1759,十一画,雀,"què,qiāo,qiǎo",
1758,十一画,虚,xū,
1757,十一画,辆,liàng,
1756,十一画,辅,fǔ,
1755,十一画,雪,xuě,
1754,十一画,盛,"shèng,chéng",
1753,十一画,袭,xí,
1752,十一画,聋,lóng,
1751,十一画,爽,shuǎng,
1750,十一画,戚,qī,
1749,十一画,票,"piào,piāo",
1748,十一画,副,"fù,pì",
1747,十一画,救,jiù,
1746,十一画,桶,tǒng,
1745,十一画,梯,tī,
1744,十一画,梳,shū,
1743,十一画,检,jiǎn,
1742,十一画,梅,méi,
1741,十一画,梢,"shāo,sào",
1740,十一画,梦,mèng,
1739,十一画,械,xiè,
1738,十一画,营,yíng,
1737,十一画,菠,bō,艹，
1736,十一画,萍,píng,艹，
1735,十一画,菊,jú,艹，
1734,十一画,萄,táo,艹，
1733,十一画,菜,cài,艹，
1732,十一画,菌,"jūn,jùn",艹，
1731,十一画,萝,luó,艹，
1730,十一画,萌,méng,艹，
1729,十一画,黄,huáng,
1728,十一画,勒,"lè,lēi",
1727,十一画,著,zhù,艹，
1726,十一画,基,jī,
1725,十一画,职,zhí,
1724,十一画,掘,jué,扌，
1723,十一画,据,"jù,jū",扌，
1722,十一画,探,tàn,扌，
1721,十一画,控,kòng,扌，
1720,十一画,接,jiē,扌，
1719,十一画,培,péi,
1718,十一画,掠,lüè,扌，
1717,十一画,掏,tāo,扌，
1716,十一画,教,"jiào,jiāo",
1715,十一画,授,shòu,扌，
1714,十一画,掀,xiān,扌，
1713,十一画,推,tuī,扌，
1712,十一画,堆,duī,
1711,十一画,掉,diào,扌，
1710,十一画,排,"pái,pǎi",扌，
1709,十一画,捷,jié,扌，
1708,十一画,掩,yǎn,扌，
1707,十一画,域,yù,
1706,十一画,描,miáo,扌，
1705,十一画,堵,dǔ,
1704,十一画,捧,pěng,扌，
1703,十一画,理,lǐ,
1702,十一画,球,qiú,
1701,十画,继,jì,纟，
1700,十画,验,yàn,
1699,十画,绣,xiù,纟，
1698,十画,绢,juàn,纟，
1697,十画,桑,sāng,
1696,十画,预,yù,
1695,十画,难,"nán,nàn,nuó",
1694,十画,能,"néng,nài",
1693,十画,通,tōng,
1692,十画,娘,niáng,
1691,十画,娱,yú,
1690,十画,陪,péi,
1689,十画,陷,xiàn,
1688,十画,陶,táo,
1687,十画,陵,líng,
1686,十画,弱,ruò,
1685,十画,屑,xiè,
1684,十画,剧,jù,
1683,十画,展,zhǎn,
1682,十画,恳,kěn,
1681,十画,剥,"bāo,bō",
1680,十画,谊,yì,
1679,十画,谈,tán,
1678,十画,谅,liàng,
1677,十画,冤,yuān,
1676,十画,调,"tiáo,diào,zhōu",
1675,十画,谁,shuí,
1674,十画,课,kè,
1673,十画,祥,xiáng,
1672,十画,被,"bèi,pī",
1671,十画,袍,páo,
1670,十画,袖,xiù,
1669,十画,袜,wà,
1668,十画,扇,"shàn,shān",
1667,十画,读,"dú,dòu",
1666,十画,诸,zhū,
1665,十画,朗,lǎng,
1664,十画,请,qǐng,
1663,十画,案,àn,
1662,十画,宰,zǎi,
1661,十画,容,róng,
1660,十画,窄,zhǎi,
1659,十画,宾,bīn,
1658,十画,宴,yàn,
1657,十画,宵,xiāo,
1656,十画,家,"jiā,jia",
1655,十画,宽,kuān,
1654,十画,害,hài,
1653,十画,悦,yuè,
1652,十画,悔,huǐ,
1651,十画,悄,"qiǎo,qiāo",
1650,十画,悟,wù,
1649,十画,涌,"yǒng,chōng",
1648,十画,烫,tàng,
1647,十画,涨,"zhǎng,zhàng",
1646,十画,浸,jìn,
1645,十画,浪,làng,
1644,十画,润,rùn,
1643,十画,流,liú,
1642,十画,浮,fú,
1641,十画,浴,yù,
1640,十画,涂,tú,
1639,十画,海,hǎi,
1638,十画,浩,hào,
1637,十画,消,xiāo,
1636,十画,涉,shè,
1635,十画,酒,jiǔ,
1634,十画,涝,lào,
1633,十画,浙,zhè,
1632,十画,涛,tāo,
1631,十画,递,dì,
1630,十画,烟,yān,
1629,十画,烛,zhú,
1628,十画,烧,shāo,
1627,十画,烦,fán,
1626,十画,烘,hōng,
1625,十画,烤,kǎo,
1624,十画,兼,jiān,
1623,十画,益,yì,
1622,十画,料,liào,
1621,十画,粉,fěn,
1620,十画,拳,quán,
1619,十画,瓶,píng,
1618,十画,羞,xiū,
1617,十画,阅,yuè,
1616,十画,畜,"xù,chù",
1615,十画,旅,lǚ,
1614,十画,旁,"páng,bàng",
1613,十画,部,bù,
1612,十画,竞,jìng,
1611,十画,剖,pōu,
1610,十画,站,zhàn,
1609,十画,凉,"liáng,liàng",
1608,十画,资,zī,
1607,十画,唐,táng,
1606,十画,离,lí,
1605,十画,效,xiào,
1604,十画,疲,pí,
1603,十画,疼,téng,
1602,十画,疾,jí,
1601,十画,病,bìng,
1600,十画,症,"zhèng,zhēng",
1599,十画,脊,jǐ,
1598,十画,座,zuò,
1597,十画,准,zhǔn,
1596,十画,席,xí,
1595,十画,高,gāo,
1594,十画,衰,shuāi,
1593,十画,浆,"jiāng,jiàng",
1592,十画,桨,jiǎng,
1591,十画,恋,liàn,
1590,十画,饿,è,
1589,十画,皱,zhòu,
1588,十画,留,liú,
1587,十画,逢,féng,
1586,十画,狼,láng,
1585,十画,狸,lí,
1584,十画,脑,nǎo,
1583,十画,胶,jiāo,
1582,十画,脏,zàng,
1581,十画,胳,"gē,gé",
1580,十画,胸,xiōng,
1579,十画,脂,zhī,
1578,十画,脆,cuì,
1577,十画,翁,wēng,
1576,十画,颂,sòng,
1575,十画,爱,ài,
1574,十画,爹,diē,
1573,十画,拿,ná,
1572,十画,途,tú,
1571,十画,航,háng,
1570,十画,般,bān,
1569,十画,舱,cāng,
1568,十画,舰,jiàn,
1567,十画,徐,xú,
1566,十画,徒,tú,
1565,十画,息,xī,
1564,十画,躬,gōng,
1563,十画,射,"shè,yè,yì",
1562,十画,臭,"chòu,xiù",
1561,十画,健,jiàn,
1560,十画,倦,juàn,
1559,十画,倍,bèi,
1558,十画,俯,fǔ,
1557,十画,候,hòu,
1556,十画,倡,"chàng,chāng",
1555,十画,俱,jù,
1554,十画,倘,"tǎng,cháng",
1553,十画,倒,"dǎo,dào",
1552,十画,倾,qīng,
1551,十画,倚,yǐ,
1550,十画,值,zhí,
1549,十画,借,jiè,
1548,十画,债,zhài,
1547,十画,笋,sǔn,
1546,十画,笑,xiào,
1545,十画,笔,bǐ,
1544,十画,透,tòu,
1543,十画,秘,"mì,bì",
1542,十画,称,"chēng,chèn,chèng",
1541,十画,秩,zhì,
1540,十画,秧,yāng,
1539,十画,积,jī,
1538,十画,租,zū,
1537,十画,秤,chèng,
1536,十画,敌,dí,
1535,十画,乘,"chéng,shèng",
1534,十画,造,zào,
1533,十画,牺,xī,
1532,十画,特,tè,
1531,十画,氧,yǎng,
1530,十画,缺,quē,
1529,十画,铅,"qiān,yán",
1528,十画,铃,líng,
1527,十画,铁,tiě,
1526,十画,钻,"zuān,zuàn",
1525,十画,钳,qián,
1524,十画,钱,qián,
1523,十画,贿,huì,
1522,十画,贼,zéi,
1521,十画,圆,yuán,
1520,十画,峰,fēng,
1519,十画,罢,"bà,ba,pí",
1518,十画,唉,"āi,ài",
1517,十画,啊,"ā,á,ǎ,à,a",
1516,十画,唤,huàn,
1515,十画,恩,ēn,
1514,十画,哭,kū,
1513,十画,哨,shào,
1512,十画,蚊,wén,
1511,十画,晕,"yùn,yūn",
1510,十画,晌,shǎng,
1509,十画,晃,"huǎng,huàng",
1508,十画,鸭,yā,
1507,十画,晓,xiǎo,
1506,十画,眠,mián,
1505,十画,晒,shài,
1504,十画,党,dǎng,
1503,十画,紧,jǐn,
1502,十画,监,"jiān,jiàn",
1501,十画,虑,lǜ,
1500,十画,桌,zhuō,
1499,十画,柴,chái,
1498,十画,致,zhì,
1497,十画,毙,bì,
1496,十画,顿,dùn,
1495,十画,较,jiào,
1494,十画,轿,jiào,
1493,十画,顾,gù,
1492,十画,殊,shū,
1491,十画,烈,liè,
1490,十画,逐,zhú,
1489,十画,套,tào,
1488,十画,原,yuán,
1487,十画,破,pò,
1486,十画,础,chǔ,
1485,十画,夏,xià,
1484,十画,唇,chún,
1483,十画,辱,rǔ,
1482,十画,翅,chì,
1481,十画,配,pèi,
1480,十画,栗,lì,
1479,十画,逗,dòu,
1478,十画,速,sù,
1477,十画,哥,gē,
1476,十画,索,suǒ,
1475,十画,根,gēn,
1474,十画,样,yàng,
1473,十画,核,"hé,hú",
1472,十画,校,"xiào,jiào",
1471,十画,格,gé,
1470,十画,桃,táo,
1469,十画,桥,qiáo,
1468,十画,株,zhū,
1467,十画,桐,tóng,
1466,十画,档,dàng,
1465,十画,桂,guì,
1464,十画,框,kuàng,
1463,十画,真,zhēn,
1462,十画,恶,"è,wù,ě,wū",
1461,十画,晋,jìn,
1460,十画,获,huò,
1459,十画,荷,hé,
1458,十画,莫,"mò,mù",
1457,十画,莲,lián,
1456,十画,恭,gōng,
1455,十画,耽,dān,
1454,十画,耻,chǐ,
1453,十画,挨,"āi,ái",
1452,十画,壶,hú,
1451,十画,恐,kǒng,
1450,十画,热,rè,
1449,十画,挽,wǎn,扌，
1448,十画,换,huàn,扌，
1447,十画,捡,jiǎn,扌，
1446,十画,逝,shì,
1445,十画,哲,zhé,
1444,十画,都,"dū,dōu",
1443,十画,损,sǔn,扌，
1442,十画,捐,juān,扌，
1441,十画,捆,kǔn,扌，
1440,十画,捉,zhuō,扌，
1439,十画,埋,"mái,mán",
1438,十画,捏,niē,扌，
1437,十画,捎,"shāo,shào",扌，
1436,十画,盐,yán,
1435,十画,起,qǐ,
1434,十画,赶,gǎn,
1433,十画,载,"zǎi,zài",
1432,十画,振,zhèn,扌，
1431,十画,捕,bǔ,扌，
1430,十画,栽,zāi,
1429,十画,捞,lāo,扌，
1428,十画,匪,fěi,
1427,十画,盏,zhǎn,
1426,十画,顽,wán,
1425,十画,蚕,cán,
1424,十画,素,sù,
1423,十画,班,bān,
1422,十画,珠,zhū,
1421,十画,泰,tài,
1420,十画,艳,yàn,
1419,十画,耗,hào,
1418,十画,耕,gēng,
1417,九画,统,tǒng,纟，
1416,九画,绞,jiǎo,纟，
1415,九画,绝,jué,纟，
1414,九画,骆,luò,
1413,九画,络,"luò,lào",纟，
1412,九画,给,"gěi,jǐ",纟，
1411,九画,绘,huì,纟，
1410,九画,骄,jiāo,
1409,九画,绕,rào,纟，
1408,九画,结,"jié,jiē",纟，
1407,九画,绒,róng,纟，
1406,九画,绑,bǎng,纟，
1405,九画,垒,lěi,
1404,九画,柔,róu,
1403,九画,怠,dài,
1402,九画,勇,yǒng,
1401,九画,盈,yíng,
1400,九画,贺,hè,
1399,九画,架,jià,
1398,九画,怒,nù,
1397,九画,娇,jiāo,
1396,九画,姻,yīn,
1395,九画,姨,yí,
1394,九画,姥,"mǔ,lǎo",
1393,九画,娃,wá,
1392,九画,院,yuàn,
1391,九画,险,xiǎn,
1390,九画,除,chú,
1389,九画,孩,hái,
1388,九画,眉,méi,
1387,九画,陡,dǒu,
1386,九画,费,fèi,
1385,九画,昼,zhòu,
1384,九画,屋,wū,
1383,九画,既,jì,
1382,九画,退,tuì,
1381,九画,垦,kěn,
1380,九画,诵,sòng,
1379,九画,说,"shuō,shuì,yuè",
1378,九画,诱,yòu,
1377,九画,误,wù,
1376,九画,祝,zhù,
1375,九画,神,shén,
1374,九画,祖,zǔ,
1373,九画,袄,ǎo,
1372,九画,扁,"biǎn,piān",
1371,九画,语,"yǔ,yù",
1370,九画,冠,"guān,guàn",
1369,九画,客,kè,
1368,九画,窃,qiè,
1367,九画,穿,chuān,
1366,九画,突,tū,
1365,九画,宪,xiàn,
1364,九画,宫,gōng,
1363,九画,室,shì,
1362,九画,宣,xuān,
1361,九画,觉,"jué,jiào",
1360,九画,举,jǔ,
1359,九画,恨,hèn,
1358,九画,恼,nǎo,
1357,九画,恰,qià,
1356,九画,恢,huī,
1355,九画,恒,héng,
1354,九画,津,jīn,
1353,九画,浓,nóng,
1352,九画,浑,hún,
1351,九画,洲,zhōu,
1350,九画,洋,yáng,
1349,九画,济,"jì,jǐ",
1348,九画,染,rǎn,
1347,九画,洽,qià,
1346,九画,派,pài,
1345,九画,活,huó,
1344,九画,洗,"xǐ,xiǎn",
1343,九画,测,cè,
1342,九画,洞,dòng,
1341,九画,浊,zhuó,
1340,九画,浇,jiāo,
1339,九画,洒,"sǎ,xǐ",
1338,九画,洪,hóng,
1337,九画,洁,jié,
1336,九画,剃,tì,
1335,九画,烂,làn,
1334,九画,炮,"páo,bāo,pào",
1333,九画,炸,"zhà,zhá",
1332,九画,炼,liàn,
1331,九画,总,zǒng,
1330,九画,逆,nì,
1329,九画,首,shǒu,
1328,九画,前,qián,
1327,九画,迷,mí,
1326,九画,类,lèi,
1325,九画,送,sòng,
1324,九画,叛,pàn,
1323,九画,姜,jiāng,
1322,九画,美,měi,
1321,九画,养,yǎng,
1320,九画,差,"chà,chā,chāi,cī",
1319,九画,阁,gé,
1318,九画,阀,fá,
1317,九画,闻,wén,
1316,九画,施,shī,
1315,九画,帝,dì,
1314,九画,音,yīn,
1313,九画,亲,"qīn,qìng",
1312,九画,姿,zī,
1311,九画,疤,bā,
1310,九画,疫,yì,
1309,九画,疯,fēng,
1308,九画,疮,chuāng,
1307,九画,庭,tíng,
1306,九画,迹,jì,
1305,九画,度,"dù,duó",
1304,九画,亮,liàng,
1303,九画,亭,tíng,
1302,九画,哀,āi,
1301,九画,奖,jiǎng,
1300,九画,将,"jiāng,jiàng",
1299,九画,弯,wān,
1298,九画,饼,bǐng,
1297,九画,饺,jiǎo,
1296,九画,蚀,shí,
1295,九画,饶,ráo,
1294,九画,急,jí,
1293,九画,怨,yuàn,
1292,九画,贸,mào,
1291,九画,狠,hěn,
1290,九画,狱,yù,
1289,九画,狡,jiǎo,
1288,九画,独,dú,
1287,九画,狮,shī,
1286,九画,狭,xiá,
1285,九画,勉,miǎn,
1284,九画,脉,"mài,mò",
1283,九画,胖,"pàng,pán,pàn",
1282,九画,胞,bāo,
1281,九画,胜,shèng,
1280,九画,胆,dǎn,
1279,九画,盆,pén,
1278,九画,食,"shí,sì,yì",
1277,九画,逃,táo,
1276,九画,剑,jiàn,
1275,九画,叙,xù,
1274,九画,须,xū,
1273,九画,很,hěn,
1272,九画,律,lǜ,
1271,九画,待,"dài,dāi",
1270,九画,盾,dùn,
1269,九画,俊,jùn,
1268,九画,追,"zhuī,duī",
1267,九画,侵,qīn,
1266,九画,鬼,guǐ,
1265,九画,泉,quán,
1264,九画,皇,huáng,
1263,九画,信,"xìn,shēn",
1262,九画,俘,fú,
1261,九画,俗,sú,
1260,九画,俭,jiǎn,
1259,九画,侮,wǔ,
1258,九画,促,cù,
1257,九画,保,bǎo,
1256,九画,修,xiū,
1255,九画,顺,shùn,
1254,九画,贷,dài,
1253,九画,俩,"liǎng,liǎ",
1252,九画,便,"biàn,pián",
1251,九画,段,duàn,
1250,九画,竿,gān,
1249,九画,复,fù,
1248,九画,重,"zhòng,chóng",
1247,九画,科,kē,
1246,九画,秋,qiū,
1245,九画,种,"zhǒng,zhòng,chóng",
1244,九画,香,xiāng,
1243,九画,秒,miǎo,
1242,九画,适,shì,
1241,九画,选,xuǎn,
1240,九画,牲,shēng,
1239,九画,怎,zěn,
1238,九画,矩,jǔ,
1237,九画,看,"kàn,kān",龵，目
1236,九画,拜,bài,
1235,九画,缸,gāng,
1234,九画,卸,xiè,
1233,九画,钩,gōu,
1232,九画,钥,"yuè,yào",
1231,九画,钢,"gāng,gàng",
1230,九画,钟,zhōng,
1229,九画,钞,chāo,
1228,九画,骨,"gǔ,gū",
1227,九画,贴,tiē,
1226,九画,贱,jiàn,
1225,九画,罚,fá,
1224,九画,峡,xiá,
1223,九画,炭,tàn,
1222,九画,哪,"nǎ,něi,na,né",
1221,九画,咳,"ké,hāi",
1220,九画,咬,yǎo,
1219,九画,哈,"hā,hǎ,hà",
1218,九画,响,xiǎng,
1217,九画,咱,"zán,zá,zǎ",
1216,九画,哗,"huá,huā",
1215,九画,骂,mà,
1214,九画,咽,"yān,yàn,yè",
1213,九画,品,pǐn,
1212,九画,虽,suī,
1211,九画,蚂,"mǎ,mā,mà",
1210,九画,思,"sī,sāi",
1209,九画,蚁,yǐ,
1208,九画,虾,xiā,
1207,九画,虹,hóng,
1206,九画,界,jiè,
1205,九画,贵,guì,
1204,九画,胃,wèi,
1203,九画,趴,pā,
1202,九画,畏,wèi,
1201,九画,昨,zuó,
1200,九画,星,xīng,
1199,九画,映,yìng,
1198,九画,冒,"mào,mò",
1197,九画,哑,"yǎ,yā",
1196,九画,显,xiǎn,
1195,九画,哄,"hōng,hǒng,hòng",
1194,九画,眨,zhǎ,
1193,九画,盼,pàn,
1192,九画,是,shì,
1191,九画,尝,cháng,
1190,九画,削,"xiāo,xuē",
1189,九画,省,"shěng,xǐng",
1188,九画,竖,shù,
1187,九画,览,lǎn,
1186,九画,临,lín,
1185,九画,点,diǎn,
1184,九画,战,zhàn,
1183,九画,背,"bèi,bēi",
1182,九画,皆,jiē,
1181,九画,鸦,yā,
1180,九画,轻,qīng,
1179,九画,殃,yāng,
1178,九画,残,cán,
1177,九画,牵,qiān,
1176,九画,耍,shuǎ,
1175,九画,耐,nài,
1174,九画,面,miàn,
1173,九画,砍,kǎn,
1172,九画,砌,"qì,qiè",
1171,九画,厚,hòu,
1170,九画,厘,lí,
1169,九画,砖,zhuān,
1168,九画,研,"yán,yàn",
1167,九画,歪,wāi,
1166,九画,威,wēi,
1165,九画,咸,xián,
1164,九画,要,"yào,yāo",
1163,九画,树,shù,
1162,九画,栏,lán,
1161,九画,柿,shì,
1160,九画,柱,zhù,
1159,九画,柳,liǔ,
1158,九画,柏,"bǎi,bó,bò",
1157,九画,查,"chá,zhā",
1156,九画,相,"xiāng,xiàng",
1155,九画,栋,dòng,
1154,九画,柄,bǐng,
1153,九画,枯,kū,
1152,九画,标,biāo,
1151,九画,药,yào,
1150,九画,南,"nán,nā",
1149,九画,胡,hú,
1148,九画,故,gù,
1147,九画,荣,róng,
1146,九画,荡,dàng,
1145,九画,茫,máng,
1144,九画,荒,huāng,
1143,九画,茶,chá,
1142,九画,茧,jiǎn,
1141,九画,草,cǎo,
1140,九画,带,dài,
1139,九画,巷,"xiàng,hàng",
1138,九画,荐,jiàn,
1137,九画,革,gé,
1136,九画,甚,"shèn,shén",
1135,九画,某,mǒu,
1134,九画,挪,nuó,扌，
1133,九画,挥,huī,扌，
1132,九画,按,àn,扌，
1131,九画,挖,wā,扌，
1130,九画,拼,pīn,扌，
1129,九画,挤,jǐ,扌，
1128,九画,挣,"zhèng,zhēng",扌，
1127,九画,垫,diàn,扌，
1126,九画,指,zhǐ,扌，
1125,九画,挑,"tiāo,tiǎo",扌，
1124,九画,拾,"shí,shè",扌，
1123,九画,拴,shuān,扌，
1122,九画,括,"kuò,guā",扌，
1121,九画,挺,tǐng,扌，
1120,九画,挡,"dǎng,dàng",扌，
1119,九画,赵,zhào,
1118,九画,赴,fù,
1117,九画,政,zhèng,
1116,九画,挠,náo,扌，
1115,九画,城,chéng,
1114,九画,挎,"kuà,kū",扌，
1113,九画,垮,kuǎ,
1112,九画,项,xiàng,
1111,九画,持,chí,扌，
1110,九画,封,fēng,
1109,九画,挂,guà,扌，
1108,九画,型,xíng,
1107,九画,毒,"dú,dài",
1106,九画,玻,bō,
1105,九画,珍,zhēn,
1104,九画,帮,bāng,
1103,九画,春,chūn,
1102,九画,奏,zòu,
1101,八画,贯,guàn,
1100,八画,经,jīng,纟，
1099,八画,绍,shào,纟，
1098,八画,驼,tuó,
1097,八画,驻,zhù,
1096,八画,终,zhōng,纟，
1095,八画,织,"zhī,zhì",纟，
1094,八画,驶,shǐ,
1093,八画,细,xì,纟，
1092,八画,组,zǔ,纟，
1091,八画,练,liàn,纟，
1090,八画,线,xiàn,纟，
1089,八画,艰,jiān,
1088,八画,参,"cān,shēn,cēn,sān",
1087,八画,驾,jià,
1086,八画,始,shǐ,
1085,八画,姓,xìng,
1084,八画,姐,jiě,
1083,八画,姑,gū,
1082,八画,妹,mèi,
1081,八画,限,xiàn,
1080,八画,降,"jiàng,xiáng",
1079,八画,陕,shǎn,
1078,八画,孤,gū,
1077,八画,孟,mèng,
1076,八画,承,chéng,
1075,八画,弦,xián,
1074,八画,屈,qū,
1073,八画,刷,"shuā,shuà",
1072,八画,届,jiè,
1071,八画,居,jū,
1070,八画,隶,"lì,dài",
1069,八画,录,lù,
1068,八画,肃,sù,
1067,八画,建,jiàn,
1066,八画,详,"xiáng,yáng",
1065,八画,该,gāi,
1064,八画,询,xún,
1063,八画,诞,dàn,
1062,八画,话,huà,
1061,八画,视,shì,
1060,八画,衫,shān,
1059,八画,衬,chèn,
1058,八画,诚,chéng,
1057,八画,房,fáng,
1056,八画,肩,jiān,
1055,八画,诗,shī,
1054,八画,郎,"láng,làng",
1053,八画,试,shì,
1052,八画,实,shí,
1051,八画,帘,lián,
1050,八画,空,"kōng,kòng,kǒng",
1049,八画,官,guān,
1048,八画,宙,zhòu,
1047,八画,审,shěn,
1046,八画,宜,yí,
1045,八画,定,dìng,
1044,八画,宗,zōng,
1043,八画,宝,bǎo,
1042,八画,学,xué,
1041,八画,怪,guài,
1040,八画,怜,lián,
1039,八画,怕,pà,
1038,八画,性,xìng,
1037,八画,怖,bù,
1036,八画,治,zhì,
1035,八画,泽,"zé,shì",
1034,八画,泼,pō,
1033,八画,波,bō,
1032,八画,沸,fèi,
1031,八画,泥,"ní,nì",
1030,八画,泳,yǒng,
1029,八画,泻,xiè,
1028,八画,注,zhù,
1027,八画,泡,"pào,pāo",
1026,八画,沿,yán,
1025,八画,泊,"bó,pō",
1024,八画,油,yóu,
1023,八画,泪,lèi,
1022,八画,沾,zhān,
1021,八画,河,hé,
1020,八画,泄,"xiè,yì",
1019,八画,法,fǎ,
1018,八画,浅,"qiǎn,jiān",
1017,八画,沫,mò,
1016,八画,炉,lú,
1015,八画,炎,yán,
1014,八画,炕,kàng,
1013,八画,炊,chuī,
1012,八画,炒,chǎo,
1011,八画,单,"dān,shàn,chán",
1010,八画,卷,"juàn,juǎn",
1009,八画,券,"quàn,xuàn",
1008,八画,郑,zhèng,
1007,八画,闹,nào,
1006,八画,闸,zhá,
1005,八画,育,yù,
1004,八画,刻,kè,
1003,八画,放,fàng,
1002,八画,盲,máng,
1001,八画,净,"jìng,chēng",
1000,八画,废,fèi,
0999,八画,郊,jiāo,
0998,八画,剂,jì,
0997,八画,底,"dǐ,de",
0996,八画,府,fǔ,
0995,八画,庙,miào,
0994,八画,夜,yè,
0993,八画,店,diàn,
0992,八画,享,xiǎng,
0991,八画,京,jīng,
0990,八画,变,biàn,
0989,八画,饲,sì,
0988,八画,饱,bǎo,
0987,八画,饰,shì,
0986,八画,备,bèi,
0985,八画,狗,gǒu,
0984,八画,忽,hū,
0983,八画,狐,hú,
0982,八画,兔,tù,
0981,八画,鱼,yú,
0980,八画,昏,hūn,
0979,八画,周,zhōu,
0978,八画,胁,xié,
0977,八画,服,"fú,fù",
0976,八画,肥,féi,
0975,八画,股,gǔ,
0974,八画,朋,péng,
0973,八画,胀,zhàng,
0972,八画,肿,zhǒng,
0971,八画,肢,zhī,
0970,八画,肺,fèi,
0969,八画,肤,fū,
0968,八画,贫,pín,
0967,八画,念,niàn,
0966,八画,贪,tān,
0965,八画,乳,rǔ,
0964,八画,受,shòu,
0963,八画,采,"cǎi,cài",
0962,八画,爸,bà,
0961,八画,斧,fǔ,
0960,八画,命,mìng,
0959,八画,金,jīn,
0958,八画,舍,shè,
0957,八画,所,suǒ,
0956,八画,径,jìng,
0955,八画,彼,bǐ,
0954,八画,爬,pá,
0953,八画,往,wǎng,
0952,八画,征,zhēng,
0951,八画,欣,xīn,
0950,八画,质,zhì,
0949,八画,迫,"pò,pǎi",
0948,八画,的,"dí,dì,de",
0947,八画,依,yī,
0946,八画,货,huò,
0945,八画,佩,pèi,
0944,八画,侨,qiáo,
0943,八画,凭,píng,
0942,八画,侧,"cè,zè,zhāi",
0941,八画,侦,zhēn,
0940,八画,侄,zhí,
0939,八画,版,bǎn,
0938,八画,例,lì,
0937,八画,使,shǐ,
0936,八画,供,"gōng,gòng",
0935,八画,侍,shì,
0934,八画,佳,jiā,
0933,八画,委,"wěi,wēi",
0932,八画,季,jì,
0931,八画,和,"hé,hè,huó,huò,hú",
0930,八画,秆,gǎn,
0929,八画,刮,guā,
0928,八画,乖,guāi,
0927,八画,物,wù,
0926,八画,牧,mù,
0925,八画,垂,chuí,
0924,八画,知,"zhī,zhì",
0923,八画,制,zhì,
0922,八画,钓,diào,
0921,八画,图,tú,
0920,八画,购,gòu,
0919,八画,贩,fàn,
0918,八画,败,bài,
0917,八画,凯,kǎi,
0916,八画,岭,"lǐng,líng",
0915,八画,帜,zhì,
0914,八画,罗,luó,
0913,八画,帖,"tiè,tiě,tiē",
0912,八画,岩,yán,
0911,八画,岸,àn,
0910,八画,呢,"ní,ne",
0909,八画,咏,yǒng,
0908,八画,鸣,míng,
0907,八画,呼,hū,
0906,八画,咐,fù,
0905,八画,忠,zhōng,
0904,八画,固,gù,
0903,八画,典,diǎn,
0902,八画,昂,áng,
0901,八画,易,yì,
0900,八画,明,míng,
0899,八画,畅,chàng,
0898,八画,昌,chāng,
0897,八画,国,guó,
0896,八画,昆,kūn,
0895,八画,味,wèi,
0894,八画,果,guǒ,
0893,八画,具,jù,
0892,八画,旺,wàng,
0891,八画,尚,shàng,
0890,八画,贤,xián,
0889,八画,肾,shèn,
0888,八画,虏,lǔ,
0887,八画,虎,hǔ,
0886,八画,些,"xiē,suò",
0885,八画,齿,chǐ,
0884,八画,肯,kěn,
0883,八画,叔,shū,
0882,八画,非,fēi,
0881,八画,到,dào,
0880,八画,软,ruǎn,
0879,八画,轮,lún,
0878,八画,斩,zhǎn,
0877,八画,转,"zhuǎn,zhuàn,zhuǎi",
0876,八画,顷,qǐng,
0875,八画,轰,hōng,
0874,八画,妻,"qī,qì",
0873,八画,垄,lǒng,
0872,八画,欧,ōu,
0871,八画,态,tài,
0870,八画,奋,fèn,
0869,八画,奇,"qí,jī",
0868,八画,奔,"bēn,bèn",
0867,八画,厕,cè,
0866,八画,码,mǎ,
0865,八画,矿,kuàng,
0864,八画,卖,mài,
0863,八画,雨,"yǔ,yù",
0862,八画,枣,zǎo,
0861,八画,刺,"cì,cī",
0860,八画,事,shì,
0859,八画,卧,wò,
0858,八画,画,huà,
0857,八画,或,huò,
0856,八画,丧,"sāng,sàng",
0855,八画,枕,zhěn,
0854,八画,述,shù,
0853,八画,杰,jié,
0852,八画,构,gòu,
0851,八画,枪,qiāng,
0850,八画,松,sōng,
0849,八画,板,bǎn,
0848,八画,析,xī,
0847,八画,柜,"guì,jǔ",
0846,八画,杯,bēi,
0845,八画,枝,"zhī,qí",
0844,八画,林,lín,
0843,八画,茅,máo,艹，
0842,八画,茎,jīng,艹，
0841,八画,茄,qié,艹，
0840,八画,直,zhí,
0839,八画,范,fàn,艹，
0838,八画,英,yīng,艹，
0837,八画,苗,miáo,艹，
0836,八画,苹,"píng,pēng",艹，
0835,八画,茂,mào,艹，
0834,八画,若,"ruò,rě",艹，
0833,八画,苦,kǔ,艹，
0832,八画,取,qǔ,
0831,八画,其,"qí,jī",
0830,八画,抬,tái,扌，
0829,八画,择,"zé,zhái",扌，
0828,八画,拨,bō,扌，
0827,八画,披,pī,扌，
0826,八画,坡,pō,
0825,八画,招,zhāo,扌，
0824,八画,幸,xìng,
0823,八画,拌,"bàn,pàn",扌，
0822,八画,拦,lán,扌，
0821,八画,拉,"lā,lá",扌，
0820,八画,垃,lā,
0819,八画,抱,bào,扌，
0818,八画,势,shì,扌，
0817,八画,拘,"jū,gōu",扌，
0816,八画,抵,dǐ,扌，
0815,八画,拥,yōng,扌，
0814,八画,拆,"chāi,cā",扌，
0813,八画,顶,dǐng,
0812,八画,者,zhě,
0811,八画,拍,pāi,扌，
0810,八画,拖,tuō,扌，
0809,八画,拐,guǎi,扌，
0808,八画,抽,chōu,扌，
0807,八画,押,yā,扌，
0806,八画,坦,tǎn,
0805,八画,担,"dān,dàn,dǎn",扌，
0804,八画,拣,jiǎn,扌，
0803,八画,拔,bá,扌，
0802,八画,拢,lǒng,扌，
0801,八画,抹,"mǒ,mò,mā",扌，
0800,八画,规,guī,
0799,八画,表,biǎo,
0798,八画,现,xiàn,
0797,八画,责,zé,
0796,八画,青,qīng,
0795,八画,武,wǔ,
0794,八画,环,huán,
0793,八画,玩,wán,
0792,八画,奉,fèng,
0791,七画,纽,niǔ,纟，
0790,七画,驴,lǘ,
0789,七画,纺,fǎng,纟，
0788,七画,纹,"wén,wèn",纟，
0787,七画,纸,zhǐ,纟，
0786,七画,纷,fēn,纟，
0785,七画,纵,"zòng,zǒng",纟，
0784,七画,驳,bó,
0783,七画,纲,gāng,纟，
0782,七画,纳,nà,纟，
0781,七画,纱,shā,纟，
0780,七画,纯,chún,纟，
0779,七画,驱,qū,
0778,七画,鸡,jī,
0777,七画,劲,"jìn,jìng",
0776,七画,忍,rěn,
0775,七画,努,nǔ,
0774,七画,妨,fáng,
0773,七画,妖,yāo,
0772,七画,妙,miào,
0771,七画,附,fù,
0770,七画,阻,zǔ,
0769,七画,陈,chén,
0768,七画,阿,"ā,ē",
0767,七画,陆,lù,
0766,七画,际,jì,
0765,七画,忌,jì,
0764,七画,张,zhāng,
0763,七画,改,gǎi,
0762,七画,局,jú,
0761,七画,迟,chí,
0760,七画,尾,"wěi,yǐ",
0759,七画,尿,"niào,suī",
0758,七画,层,céng,
0757,七画,即,jí,
0756,七画,灵,líng,
0755,七画,君,jūn,
0754,七画,译,yì,
0753,七画,词,cí,
0752,七画,诊,zhěn,
0751,七画,诉,sù,
0750,七画,识,"shí,zhì",
0749,七画,社,shè,
0748,七画,初,chū,
0747,七画,补,bǔ,
0746,七画,评,píng,
0745,七画,启,qǐ,
0744,七画,证,zhèng,
0743,七画,良,liáng,
0742,七画,灾,zāi,
0741,七画,穷,qióng,
0740,七画,究,jiū,
0739,七画,牢,láo,
0738,七画,宏,hóng,
0737,七画,宋,sòng,
0736,七画,完,wán,
0735,七画,快,kuài,
0734,七画,忧,yōu,
0733,七画,怀,huái,
0732,七画,沉,chén,
0731,七画,沈,"shěn,chén",
0730,七画,没,"méi,mò",
0729,七画,沟,gōu,
0728,七画,泛,fàn,
0727,七画,沃,wò,
0726,七画,汽,qì,
0725,七画,沙,"shā,shà",
0724,七画,汪,wāng,
0723,七画,弟,"dì,tì,tuí",
0722,七画,灿,càn,
0721,七画,灶,zào,
0720,七画,判,pàn,
0719,七画,闷,"mèn,mēn",
0718,七画,间,"jiān,jiàn",
0717,七画,闲,xián,
0716,七画,忘,wàng,
0715,七画,冶,yě,
0714,七画,弃,qì,
0713,七画,辛,xīn,
0712,七画,序,xù,
0711,七画,这,"zhè,zhèi",
0710,七画,冷,lěng,
0709,七画,应,"yīng,yìng",
0708,七画,疗,liáo,
0707,七画,库,kù,
0706,七画,床,chuáng,
0705,七画,况,kuàng,
0704,七画,亩,mǔ,
0703,七画,状,zhuàng,
0702,七画,冻,dòng,
0701,七画,言,yán,
0700,七画,系,"xì,jì",
0699,七画,饮,yǐn,
0698,七画,饭,fàn,
0697,七画,迎,yíng,
0696,七画,岛,dǎo,
0695,七画,卵,luǎn,
0694,七画,条,"tiáo,tiāo",
0693,七画,删,shān,
0692,七画,角,"jiǎo,jué",
0691,七画,犹,yóu,
0690,七画,狂,kuáng,
0689,七画,免,miǎn,
0688,七画,龟,"guī,jūn,qiū",
0687,七画,肠,cháng,
0686,七画,肚,"dù,dǔ",
0685,七画,肝,gān,
0684,七画,岔,chà,
0683,七画,邻,lín,
0682,七画,含,hán,
0681,七画,妥,tuǒ,
0680,七画,谷,gǔ,
0679,七画,坐,zuò,
0678,七画,希,xī,
0677,七画,余,yú,
0676,七画,返,fǎn,
0675,七画,役,yì,
0674,七画,彻,chè,
0673,七画,近,jìn,
0672,七画,佛,"fó,fú,bì,bó",
0671,七画,皂,zào,
0670,七画,身,shēn,
0669,七画,伴,bàn,
0668,七画,位,wèi,
0667,七画,住,zhù,
0666,七画,你,nǐ,
0665,七画,低,dī,
0664,七画,佣,"yōng,yòng",
0663,七画,伶,líng,
0662,七画,伯,"bó,bǎi,bà",
0661,七画,作,zuò,
0660,七画,伸,shēn,
0659,七画,但,dàn,
0658,七画,何,"hé,hē,hè",
0657,七画,体,"tǐ,tī,bèn",
0656,七画,估,"gū,gù",
0655,七画,兵,bīng,
0654,七画,每,měi,
0653,七画,私,sī,
0652,七画,秀,xiù,
0651,七画,秃,tū,
0650,七画,利,lì,
0649,七画,乱,luàn,
0648,七画,我,wǒ,
0647,七画,告,gào,
0646,七画,钉,"dīng,dìng",
0645,七画,针,zhēn,
0644,七画,财,cái,
0643,七画,帐,zhàng,
0642,七画,岗,gǎng,
0641,七画,别,"bié,biè",
0640,七画,吼,hǒu,
0639,七画,吧,"bā,ba",
0638,七画,呜,wū,
0637,七画,吹,chuī,
0636,七画,吩,fēn,
0635,七画,听,tīng,
0634,七画,员,"yuán,yún,yùn",
0633,七画,串,chuàn,
0632,七画,吵,"chǎo,chāo",
0631,七画,困,kùn,
0630,七画,男,nán,
0629,七画,邮,yóu,
0628,七画,足,zú,
0627,七画,吨,dūn,
0626,七画,呀,"yā,ya",
0625,七画,围,wéi,
0624,七画,旷,kuàng,
0623,七画,园,yuán,
0622,七画,呆,dāi,
0621,七画,里,lǐ,
0620,七画,县,"xiàn,xuán",
0619,七画,助,"zhù,chú",
0618,七画,吴,wú,
0617,七画,时,shí,
0616,七画,呈,chéng,
0615,七画,盯,dīng,
0614,七画,旱,hàn,
0613,七画,坚,jiān,
0612,七画,步,bù,
0611,七画,连,lián,
0610,七画,来,lái,
0609,七画,歼,jiān,
0608,七画,还,"huán,hái",
0607,七画,否,"fǒu,pǐ",
0606,七画,励,lì,
0605,七画,辰,chén,
0604,七画,医,yī,
0603,七画,丽,"lì,lí",
0602,七画,两,liǎng,
0601,七画,豆,dòu,
0600,七画,束,shù,
0599,七画,更,"gēng,gèng",
0598,七画,求,qiú,
0597,七画,杨,yáng,
0596,七画,李,lǐ,
0595,七画,极,jí,
0594,七画,杏,xìng,
0593,七画,村,cūn,
0592,七画,材,cái,
0591,七画,杜,dù,
0590,七画,杠,"gàng,gāng",
0589,七画,杆,"gān,gǎn",
0588,七画,苏,"sū,sù",
0587,七画,克,kè,
0586,七画,劳,láo,
0585,七画,芦,lú,
0584,七画,严,yán,
0583,七画,芳,fāng,艹，
0582,七画,苍,cāng,艹，
0581,七画,芬,fēn,艹，
0580,七画,芹,qín,艹，
0579,七画,花,huā,艹，
0578,七画,芽,yá,艹，
0577,七画,劫,jié,
0576,七画,却,què,
0575,七画,报,bào,
0574,七画,把,"bǎ,bà",
0573,七画,声,shēng,
0572,七画,块,kuài,
0571,七画,扭,niǔ,
0570,七画,志,zhì,
0569,七画,壳,"ké,qiào",
0568,七画,护,hù,
0567,七画,抖,dǒu,
0566,七画,坊,"fāng,fáng",
0565,七画,坑,kēng,
0564,七画,抗,kàng,
0563,七画,坟,fén,
0562,七画,投,tóu,
0561,七画,抛,pāo,
0560,七画,均,jūn,
0559,七画,孝,xiào,
0558,七画,抢,"qiāng,qiǎng,chēng",扌，
0557,七画,扮,bàn,扌，
0556,七画,抓,zhuā,扌，
0555,七画,折,"zhē,zhé,shé",扌，
0554,七画,赤,chì,
0553,七画,攻,gōng,
0552,七画,贡,gòng,
0551,七画,坝,bà,
0550,七画,抄,chāo,扌，
0549,七画,走,zǒu,
0548,七画,址,zhǐ,
0547,七画,扯,chě,扌，
0546,七画,批,pī,扌，
0545,七画,找,zhǎo,扌，
0544,七画,拒,jù,扌，
0543,七画,扰,rǎo,扌，
0542,七画,坏,"huài,pēi,pī,péi",
0541,七画,技,jì,扌，
0540,七画,坛,tán,
0539,七画,抚,fǔ,扌，
0538,七画,扶,fú,扌，
0537,七画,运,yùn,
0536,七画,违,wéi,
0535,七画,远,"yuǎn,yuàn",
0534,七画,吞,tūn,
0533,七画,戒,jiè,
0532,七画,进,jìn,
0531,七画,形,xíng,
0530,七画,麦,mài,
0529,七画,弄,"nòng,lòng",
0528,七画,寿,shòu,
0527,六画,巡,xún,
0526,六画,驰,chí,
0525,六画,纪,"jì,jǐ",纟，
0524,六画,约,"yuē,yāo",纟，
0523,六画,级,jí,纟，
0522,六画,纤,"xiān,qiàn",纟，
0521,六画,红,"hóng,gōng",纟，
0520,六画,买,mǎi,
0519,六画,欢,huān,
0518,六画,观,"guān,guàn",
0517,六画,羽,yǔ,
0516,六画,戏,"xì,hū",
0515,六画,妈,mā,
0514,六画,她,"tā,jiě",
0513,六画,好,"hǎo,hào",
0512,六画,妇,fù,
0511,六画,如,rú,
0510,六画,奸,jiān,
0509,六画,防,fáng,
0508,六画,阴,yīn,
0507,六画,阶,jiē,
0506,六画,收,shōu,
0505,六画,阳,yáng,
0504,六画,阵,zhèn,
0503,六画,孙,"sūn,xùn",
0502,六画,异,yì,
0501,六画,导,dǎo,
0500,六画,尽,"jìn,jǐn",
0499,六画,迅,xùn,
0498,六画,那,"nà,nǎ,nèi,nā",
0497,六画,寻,xún,
0496,六画,访,fǎng,
0495,六画,设,shè,
0494,六画,讽,fěng,
0493,六画,农,nóng,
0492,六画,论,"lùn,lún",
0491,六画,许,"xǔ,hǔ",
0490,六画,军,jūn,
0489,六画,讲,jiǎng,
0488,六画,安,ān,
0487,六画,字,zì,
0486,六画,宅,zhái,
0485,六画,守,shǒu,
0484,六画,宇,yǔ,
0483,六画,兴,"xīng,xìng",
0482,六画,忙,máng,
0481,六画,汤,"tāng,shāng",
0480,六画,池,chí,
0479,六画,江,jiāng,
0478,六画,污,wū,
0477,六画,汗,"hàn,hán",
0476,六画,州,zhōu,
0475,六画,灯,dēng,
0474,六画,米,mǐ,
0473,六画,关,guān,
0472,六画,并,"bìng,bīng",
0471,六画,羊,"yáng,xiáng",
0470,六画,闯,chuǎng,
0469,六画,问,wèn,
0468,六画,闭,bì,
0467,六画,妄,wàng,
0466,六画,充,chōng,
0465,六画,决,jué,
0464,六画,产,chǎn,
0463,六画,衣,yī,
0462,六画,次,cì,
0461,六画,交,jiāo,
0460,六画,齐,"qí,jì,zī,zhāi",
0459,六画,刘,liú,
0458,六画,亦,yì,
0457,六画,庆,qìng,
0456,六画,庄,zhuāng,
0455,六画,冰,bīng,
0454,六画,冲,"chōng,chòng",
0453,六画,壮,zhuàng,
0452,六画,色,sè,
0451,六画,争,zhēng,
0450,六画,多,duō,
0449,六画,名,míng,
0448,六画,各,"gè,gě",
0447,六画,负,fù,
0446,六画,旨,zhǐ,
0445,六画,旬,xún,
0444,六画,危,wēi,
0443,六画,杂,zá,
0442,六画,朵,duǒ,
0441,六画,肌,jī,
0440,六画,创,"chuàng,chuāng",
0439,六画,伞,sǎn,
0438,六画,爷,yé,
0437,六画,众,zhòng,
0436,六画,企,qǐ,
0435,六画,兆,zhào,
0434,六画,合,"hé,gě",
0433,六画,杀,shā,
0432,六画,会,"huì,kuài",
0431,六画,全,quán,
0430,六画,舟,zhōu,
0429,六画,行,"háng,xíng",
0428,六画,后,hòu,
0427,六画,似,"sì,shì",
0426,六画,向,xiàng,
0425,六画,血,"xiě,xuè",
0424,六画,自,zì,
0423,六画,伪,wěi,
0422,六画,伙,huǒ,
0421,六画,仿,fǎng,
0420,六画,仰,"yǎng,áng",
0419,六画,华,"huá,huà,huā",
0418,六画,份,"fèn,bīn",
0417,六画,价,"jià,jiè,jie",
0416,六画,伤,shāng,
0415,六画,任,"rèn,rén",
0414,六画,件,jiàn,
0413,六画,延,yán,
0412,六画,伐,fá,
0411,六画,优,yōu,
0410,六画,伏,fú,
0409,六画,伍,wǔ,
0408,六画,休,"xiū,xǔ",
0407,六画,乓,pāng,
0406,六画,乒,pīng,
0405,六画,传,"chuán,zhuàn",
0404,六画,伟,wěi,
0403,六画,乔,qiáo,
0402,六画,迁,qiān,
0401,六画,竹,zhú,
0400,六画,舌,shé,
0399,六画,丢,diū,
0398,六画,先,xiān,
0397,六画,朱,"zhū,shú",
0396,六画,年,nián,
0395,六画,网,wǎng,
0394,六画,肉,ròu,
0393,六画,则,zé,
0392,六画,刚,gāng,
0391,六画,岂,"qǐ,kǎi",
0390,六画,回,huí,
0389,六画,岁,suì,
0388,六画,帆,fān,
0387,六画,屿,yǔ,
0386,六画,吗,"má,mǎ,ma",
0385,六画,吸,xī,
0384,六画,因,yīn,
0383,六画,吃,chī,
0382,六画,吊,diào,
0381,六画,同,"tóng,tòng",
0380,六画,团,tuán,
0379,六画,曲,"qū,qǔ",
0378,六画,虫,chóng,
0377,六画,吓,"xià,hè",
0376,六画,吐,"tǔ,tù",
0375,六画,早,zǎo,
0374,六画,当,"dāng,dàng",
0373,六画,光,guāng,
0372,六画,劣,liè,
0371,六画,尖,jiān,
0370,六画,尘,chén,
0369,六画,师,shī,
0368,六画,贞,zhēn,
0367,六画,此,cǐ,
0366,六画,至,zhì,
0365,六画,毕,bì,
0364,六画,迈,mài,
0363,六画,划,"huá,huà",
0362,六画,邪,"xié,yá,yé,yú,xú",
0361,六画,轨,guǐ,
0360,六画,夹,"jiā,jiá,gā,xiá",
0359,六画,成,chéng,
0358,六画,死,sǐ,
0357,六画,列,liè,
0356,六画,达,dá,
0355,六画,灰,huī,
0354,六画,夺,duó,
0353,六画,夸,"kuā,kuà",
0352,六画,匠,jiàng,
0351,六画,页,yè,
0350,六画,而,ér,
0349,六画,存,cún,
0348,六画,百,bǎi,
0347,六画,有,"yǒu,yòu",
0346,六画,在,zài,
0345,六画,厌,yàn,
0344,六画,压,"yā,yà",
0343,六画,西,xī,
0342,六画,协,xié,
0341,六画,再,zài,
0340,六画,臣,chén,
0339,六画,过,"guò,guo,guō",
0338,六画,权,quán,
0337,六画,机,jī,
0336,六画,朴,"pǔ,pò,pō,piáo",
0335,六画,朽,xiǔ,
0334,六画,芝,zhī,
0333,六画,亚,yà,
0332,六画,芒,máng,
0331,六画,共,"gòng,gōng",
0330,六画,耳,ěr,
0329,六画,场,"cháng,chǎng",
0328,六画,扬,yáng,扌，
0327,六画,地,"dì,de",
0326,六画,扫,"sǎo,sào",扌，
0325,六画,扩,kuò,扌，
0324,六画,圾,jī,
0323,六画,巩,gǒng,
0322,六画,执,zhí,扌，
0321,六画,老,lǎo,
0320,六画,托,tuō,扌，
0319,六画,考,kǎo,
0318,六画,扣,kòu,扌，
0317,六画,吉,jí,
0316,六画,寺,sì,
0315,六画,扛,"káng,gāng",扌，
0314,六画,动,dòng,
0313,六画,刑,xíng,
0312,六画,式,shì,
0311,五画,丝,sī,
0310,五画,幼,yòu,
0309,五画,母,mǔ,
0308,五画,纠,jiū,
0307,五画,矛,máo,
0306,五画,台,"tái,tāi",
0305,五画,对,duì,
0304,五画,圣,shèng,
0303,五画,孕,yùn,
0302,五画,发,"fā,fà",
0301,五画,边,biān,
0300,五画,皮,pí,
0299,五画,召,"zhào,shào",
0298,五画,加,jiā,
0297,五画,奴,nú,
0296,五画,奶,nǎi,
0295,五画,辽,liáo,
0294,五画,出,chū,
0293,五画,民,mín,
0292,五画,尼,ní,
0291,五画,司,sī,
0290,五画,永,yǒng,
0289,五画,记,jì,
0288,五画,讯,xùn,
0287,五画,议,yì,
0286,五画,必,bì,
0285,五画,训,xùn,
0284,五画,礼,lǐ,
0283,五画,让,ràng,
0282,五画,写,xiě,
0281,五画,讨,tǎo,
0280,五画,它,tā,
0279,五画,穴,xué,
0278,五画,宁,"níng,nìng,zhù",
0277,五画,汉,hàn,
0276,五画,头,"tóu,tou",
0275,五画,汇,huì,
0274,五画,汁,zhī,
0273,五画,半,bàn,
0272,五画,兰,lán,
0271,五画,闪,shǎn,
0270,五画,立,lì,
0269,五画,市,shì,
0268,五画,主,zhǔ,
0267,五画,饥,jī,
0266,五画,包,bāo,
0265,五画,务,wù,
0264,五画,鸟,niǎo,
0263,五画,冬,dōng,
0262,五画,处,"chǔ,chù",
0261,五画,外,wài,
0260,五画,犯,fàn,
0259,五画,册,cè,
0258,五画,匆,cōng,
0257,五画,句,"jù,gōu",
0256,五画,乐,"lè,yuè",
0255,五画,印,yìn,
0254,五画,甩,shuǎi,
0253,五画,用,yòng,
0252,五画,令,"líng,lǐng,lìng",
0251,五画,丛,cóng,
0250,五画,乎,hū,
0249,五画,瓜,guā,
0248,五画,斥,chì,
0247,五画,他,tā,
0246,五画,仔,"zī,zǐ,zǎi",
0245,五画,白,bái,
0244,五画,仪,yí,
0243,五画,们,mén,
0242,五画,仙,xiān,
0241,五画,代,dài,
0240,五画,仗,zhàng,
0239,五画,付,fù,
0238,五画,丘,qiū,
0237,五画,禾,hé,
0236,五画,失,shī,
0235,五画,生,shēng,
0234,五画,四,sì,
0233,五画,叹,tàn,
0232,五画,叨,"tāo,dāo",
0231,五画,另,lìng,
0230,五画,叫,jiào,
0229,五画,叼,diāo,
0228,五画,兄,xiōng,
0227,五画,央,yāng,
0226,五画,只,"zhī,zhǐ",
0225,五画,史,shǐ,
0224,五画,由,yóu,
0223,五画,田,tián,
0222,五画,号,"hào,háo",
0221,五画,电,diàn,
0220,五画,叮,dīng,
0219,五画,申,shēn,
0218,五画,甲,jiǎ,
0217,五画,叶,"yè,xié",
0216,五画,目,mù,
0215,五画,旦,dàn,
0214,五画,且,"qiě,jū",
0213,五画,归,guī,
0212,五画,帅,shuài,
0211,五画,旧,jiù,
0210,五画,业,yè,
0209,五画,占,"zhān,zhàn",
0208,五画,北,"běi,bèi",
0207,五画,卡,"qiǎ,kǎ",
0206,五画,东,dōng,
0205,五画,轧,yà,
0204,五画,灭,miè,
0203,五画,平,píng,
0202,五画,龙,lóng,
0201,五画,布,bù,
0200,五画,石,"shí,dàn",
0199,五画,右,yòu,
0198,五画,厉,lì,
0197,五画,左,zuǒ,
0196,五画,丙,bǐng,
0195,五画,可,"kě,kè",
0194,五画,术,"shù,shú,zhú",
0193,五画,本,běn,
0192,五画,节,"jié,jiē",
0191,五画,古,gǔ,
0190,五画,世,shì,
0189,五画,甘,gān,
0188,五画,去,qù,
0187,五画,扔,rēng,
0186,五画,功,gōng,
0185,五画,扒,"bā,pá",
0184,五画,扑,pū,
0183,五画,正,"zhèng,zhēng",
0182,五画,巧,qiǎo,
0181,五画,打,"dǎ,dá",
0180,五画,击,jī,
0179,五画,未,wèi,
0178,五画,末,mò,
0177,五画,示,shì,
0176,五画,刊,kān,
0175,五画,玉,yù,
0174,四画,幻,huàn,
0173,四画,书,shū,
0172,四画,双,shuāng,
0171,四画,劝,quàn,
0170,四画,予,"yú,yǔ",
0169,四画,允,yǔn,
0168,四画,以,yǐ,
0167,四画,办,bàn,
0166,四画,队,duì,
0165,四画,孔,kǒng,
0164,四画,巴,bā,
0163,四画,丑,chǒu,
0162,四画,引,yǐn,
0161,四画,尺,"chǐ,chě",
0160,四画,心,xīn,
0159,四画,认,rèn,
0158,四画,户,hù,
0157,四画,计,jì,
0156,四画,订,dìng,
0155,四画,忆,yì,
0154,四画,斗,"dǒu,dòu",
0153,四画,为,"wéi,wèi",
0152,四画,火,huǒ,
0151,四画,方,fāng,
0150,四画,六,"liù,lù",
0149,四画,文,wén,
0148,四画,勾,"gōu,gòu",
0147,四画,凤,fèng,
0146,四画,乌,wū,
0145,四画,匀,yún,
0144,四画,丹,dān,
0143,四画,风,"fēng,fěng",
0142,四画,欠,qiàn,
0141,四画,勿,wù,
0140,四画,氏,"shì,zhī",
0139,四画,月,yuè,
0138,四画,仓,cāng,
0137,四画,公,gōng,
0136,四画,乏,fá,
0135,四画,分,"fēn,fèn",
0134,四画,凶,xiōng,
0133,四画,今,jīn,
0132,四画,从,"cóng,zòng",
0131,四画,父,"fù,fǔ",
0130,四画,介,jiè,
0129,四画,反,fǎn,
0128,四画,爪,"zhǎo,zhuǎ",
0127,四画,斤,jīn,
0126,四画,仅,"jǐn,jìn",
0125,四画,仍,réng,
0124,四画,币,bì,
0123,四画,仇,"chóu,qiú",
0122,四画,化,"huà,huā",
0121,四画,仆,"pū,pú",
0120,四画,片,"piàn,piān",
0119,四画,什,"shí,shén",
0118,四画,仁,rén,
0117,四画,长,"cháng,zhǎng",
0116,四画,升,shēng,
0115,四画,气,qì,
0114,四画,毛,máo,
0113,四画,手,shǒu,
0112,四画,牛,niú,
0111,四画,午,wǔ,
0110,四画,见,"jiàn,xiàn",
0109,四画,水,shuǐ,
0108,四画,内,"nèi,nà",
0107,四画,贝,bèi,
0106,四画,冈,gāng,
0105,四画,中,"zhōng,zhòng",
0104,四画,日,rì,
0103,四画,少,"shǎo,shào",
0102,四画,止,zhǐ,
0101,四画,瓦,"wǎ,wà",
0100,四画,切,"qiē,qiè",
0099,四画,互,hù,
0098,四画,比,bǐ,
0097,四画,屯,"tún,zhūn",
0096,四画,牙,yá,
0095,四画,巨,jù,
0094,四画,车,"chē,jū",
0093,四画,匹,pǐ,
0092,四画,友,yǒu,
0091,四画,尤,yóu,
0090,四画,历,lì,
0089,四画,区,"qū,ōu",
0088,四画,犬,quǎn,
0087,四画,太,tài,
0086,四画,不,"bù,fǒu",
0085,四画,厅,tīng,
0084,四画,支,zhī,
0083,四画,五,wǔ,
0082,四画,木,mù,
0081,四画,艺,yì,
0080,四画,扎,"zā,zhā,zhá",
0079,四画,云,yún,
0078,四画,专,zhuān,
0077,四画,元,yuán,
0076,四画,无,wú,
0075,四画,天,tiān,
0074,四画,夫,"fū,fú",
0073,四画,开,kāi,
0072,四画,井,jǐng,
0071,四画,王,"wáng,wàng",
0070,四画,丰,fēng,
0069,三画,乡,xiāng,
0068,三画,马,mǎ,
0067,三画,叉,"chā,chá,chǎ",
0066,三画,习,xí,
0065,三画,刃,rèn,
0064,三画,飞,fēi,
0063,三画,女,"nǚ,rǔ",
0062,三画,也,yě,
0061,三画,卫,wèi,
0060,三画,子,zǐ,
0059,三画,已,yǐ,
0058,三画,己,jǐ,
0057,三画,弓,gōng,
0056,三画,尸,shī,
0055,三画,之,zhī,
0054,三画,义,yì,
0053,三画,门,mén,
0052,三画,亡,"wáng,wú",
0051,三画,广,"guǎng,ān",
0050,三画,么,"yāo,mó,ma,me",
0049,三画,丸,wán,
0048,三画,夕,xī,
0047,三画,及,jí,
0046,三画,凡,fán,
0045,三画,久,jiǔ,
0044,三画,勺,sháo,
0043,三画,个,"gè,gě",
0042,三画,亿,yì,
0041,三画,川,chuān,
0040,三画,乞,qǐ,
0039,三画,千,qiān,
0038,三画,山,shān,
0037,三画,巾,jīn,
0036,三画,口,kǒu,
0035,三画,小,xiǎo,
0034,三画,上,"shàng,shǎng",
0033,三画,万,"wàn,mò",
0032,三画,与,"yǔ,yù,yú",
0031,三画,丈,zhàng,
0030,三画,大,"dà,dài,tài",
0029,三画,下,xià,
0028,三画,寸,cùn,
0027,三画,才,cái,
0026,三画,土,tǔ,
0025,三画,工,gōng,
0024,三画,士,shì,
0023,三画,亏,kuī,
0022,三画,干,"gān,gàn",
0021,三画,于,yú,
0020,三画,三,sān,
0019,二画,又,yòu,
0018,二画,刀,dāo,
0017,二画,乃,nǎi,
0016,二画,力,lì,
0015,二画,了,"liǎo,le",
0014,二画,儿,ér,
0013,二画,几,"jī,jǐ",
0012,二画,九,jiǔ,
0011,二画,八,bā,
0010,二画,入,rù,
0009,二画,人,rén,
0008,二画,卜,"bǔ,bo",
0007,二画,七,qī,
0006,二画,厂,"chǎng,ān,hàn",
0005,二画,丁,"dīng,zhēng",
0004,二画,十,shí,
0003,二画,二,èr,
0002,一画,乙,yǐ,
0001,一画,一,yī,
